rent,district,area,buildingheight,parkingspace,community,guard,pet,cvs,hospital,mrt,bus
5298795,1,3249.12,23,0,0,1,1,1,1,1,1
4682154,1,3634.69,23,0,0,1,1,1,1,1,0
4176760,1,2673.42,23,0,0,1,1,1,1,1,0
3954109,0,2272.57,7,80,0,1,1,1,0,1,0
3648408,1,2673.42,23,0,0,1,1,1,1,1,0
3606750,1,200,11,0,0,1,1,1,1,1,1
3120056,1,2342.2,23,0,0,1,1,1,1,1,0
3098928,0,2810,13,0,0,1,1,0,0,0,0
2591704,1,2012.98,23,0,0,1,1,1,1,1,0
2427803,0,2541.58,13,0,0,1,1,0,0,0,0
2160000,1,1082.74,10,0,0,1,1,0,0,1,1
2079708,1,1682.66,23,0,0,1,1,1,1,1,0
1825308,0,1521.09,13,0,0,1,1,0,0,0,0
1512222,1,1316.54,23,0,0,1,1,1,1,1,0
1419370,0,5001.49,19,0,0,1,1,0,0,1,1
1250000,1,473.86,5,0,0,0,1,0,0,1,1
1220000,0,671.14,10,20,0,1,1,1,0,1,1
1160000,0,891.48,9,0,0,1,1,1,0,0,0
1135985,1,240.42,12,0,0,1,1,1,0,1,1
1090000,0,835.53,9,0,0,1,1,1,0,1,0
1003572,1,490.15,15,0,0,1,1,1,0,1,1
1000071,1,986.12,23,0,0,1,1,1,1,1,0
1000000,1,224.32,12,0,0,1,1,1,1,1,1
997000,0,996.94,5,16,0,0,0,1,0,0,0
912648,0,760.54,13,0,0,1,1,0,0,0,0
880000,1,118.29,7,0,0,0,0,1,0,1,1
866000,1,150,22,0,0,1,0,1,1,1,0
839230,1,119.89,31,0,0,1,1,0,0,1,1
836000,1,418.22,16,2,0,1,1,1,1,1,0
800000,1,313.87,15,0,0,1,1,1,0,1,1
777000,1,122.27,11,8,0,1,1,1,0,1,1
687000,0,458.55,3,0,0,1,0,1,0,1,1
662000,1,367.59,16,0,0,1,1,1,0,1,1
660000,1,549.46,13,0,0,1,1,0,1,1,1
650000,1,115.18,9,0,0,1,1,1,1,1,1
650000,0,162.93,7,0,0,1,0,1,0,1,0
650000,0,301.86,10,0,0,1,1,1,0,1,1
625432,0,290.8,7,0,0,1,1,1,0,1,0
600000,1,154.45,12,0,0,1,1,1,1,1,0
600000,1,195.07,9,0,0,1,1,0,0,1,1
600000,0,248.93,7,10,0,1,1,1,1,0,0
600000,0,443.38,6,12,0,1,1,0,0,0,1
598000,1,281.36,14,0,0,1,1,1,1,1,1
585000,1,197.64,12,0,0,1,1,1,0,1,1
570000,1,240.19,9,0,0,1,0,1,1,1,1
567600,0,358.07,9,12,0,1,1,0,0,0,1
562626,1,312.57,23,0,0,1,1,1,1,1,1
560000,1,92.72,3,0,0,0,1,1,1,1,1
558969,1,243.03,23,0,0,1,1,1,1,1,1
550000,0,105.14,3,0,0,0,0,1,0,1,1
550000,0,506.82,8,6,0,1,1,1,0,1,1
550000,0,415.94,9,0,0,1,1,1,0,1,0
544076,1,209.26,35,0,0,1,1,1,0,1,1
540000,0,419.59,9,0,0,1,1,1,0,1,0
535072,0,233.37,7,0,0,0,1,1,0,1,0
525678,0,303.86,7,0,0,1,1,1,0,1,0
525000,0,358.51,9,10,0,1,1,0,0,0,1
517804,0,369.86,13,0,0,1,1,0,0,0,0
512634,0,361.01,7,0,0,1,1,1,0,1,0
511598,0,360.28,7,0,0,1,1,1,0,1,0
505394,1,300.82,23,0,0,1,1,1,1,1,1
504685,0,305.84,11,0,0,1,1,1,0,1,1
500000,1,264.29,7,0,0,0,1,1,1,1,1
500000,1,103.57,12,1,0,1,1,1,0,1,0
498000,1,192.57,19,0,0,1,1,0,0,1,1
490000,1,196.57,35,2,0,1,1,1,0,1,0
487920,1,325.28,23,0,0,1,1,1,1,1,1
487350,0,361,6,2,0,1,1,1,0,1,1
483210,0,268.45,13,0,0,1,1,0,0,0,0
480000,0,193.78,10,0,0,1,0,0,0,1,1
480000,1,168.4,7,0,0,0,1,1,0,1,0
480000,1,118.45,14,0,1,1,1,1,0,1,1
480000,1,240.51,12,0,0,1,1,1,1,1,1
474220,0,362,7,0,0,1,1,1,0,1,0
472976,0,361.05,7,0,0,1,1,1,0,1,0
470000,1,47.8,12,0,0,0,1,1,0,1,1
466102,0,358.54,9,0,0,1,1,1,0,0,0
465595,0,358.15,9,0,0,1,1,1,0,0,0
460000,0,577.34,7,10,0,1,0,1,0,1,1
458000,0,400,7,2,0,1,1,0,0,0,1
450000,1,355,5,0,0,0,1,1,0,1,0
450000,1,221.56,4,0,0,0,1,1,1,1,1
450000,0,158.55,10,2,0,1,0,1,0,1,1
447300,0,425.95,5,0,0,1,1,1,0,0,0
444000,0,370,7,0,0,1,1,1,0,1,0
444000,0,370,7,0,0,1,1,1,0,1,0
440000,1,247.6,12,0,0,0,1,0,0,1,1
432000,1,238.75,14,1,0,1,1,1,1,1,0
430000,0,196.77,15,8,0,1,1,1,0,1,1
420000,1,282.24,10,3,0,1,1,1,0,1,0
420000,0,299.89,8,0,0,1,1,1,0,0,1
418000,1,209.11,16,2,0,1,1,1,1,1,0
418000,1,209.11,16,2,0,1,1,1,1,1,0
400000,0,98.27,3,0,0,0,0,1,0,1,1
400000,1,120.76,15,0,1,1,1,1,1,1,1
400000,0,212.62,14,0,0,1,1,0,0,1,1
400000,1,275.85,10,0,0,1,1,1,0,1,1
380000,1,146.66,19,0,0,1,0,1,0,1,1
367500,0,233.81,10,0,0,1,1,1,0,1,1
360000,1,256.1,10,0,0,0,0,0,0,1,1
360000,1,154.72,11,0,1,1,1,1,0,1,1
360000,1,252.03,10,5,0,1,1,1,0,1,1
350000,0,136.11,19,3,0,1,1,1,0,0,1
350000,1,126.48,13,1,0,1,1,1,0,1,1
350000,1,166.76,42,2,1,1,1,1,0,1,1
346983,1,165.23,20,0,0,1,1,1,0,1,1
346845,1,231.23,14,0,0,1,1,1,1,1,1
341000,0,284,13,0,0,1,1,0,0,0,0
338800,0,308,7,0,0,1,1,0,0,0,0
328000,1,136.15,11,0,0,1,0,0,1,1,1
320000,1,210.32,7,0,0,0,1,1,0,1,1
320000,1,110.65,6,0,0,0,1,1,0,1,1
320000,0,160.52,7,4,0,1,1,1,0,0,1
320000,1,177.91,14,0,0,1,0,1,0,1,0
317000,0,140.93,12,0,0,1,1,0,0,1,1
315666,0,170.63,15,0,0,1,1,0,0,1,1
315000,1,40.88,12,0,0,1,1,1,1,1,1
310000,1,153.74,10,0,0,0,1,1,1,1,1
305000,1,179.69,9,2,0,1,1,1,0,1,1
301284,0,268.44,8,2,0,1,1,0,0,1,0
300000,1,31.57,12,0,0,1,0,1,0,1,1
300000,1,72.13,10,3,0,1,1,1,0,1,1
300000,0,160.66,14,2,0,1,1,0,0,1,1
300000,1,170.61,7,0,0,1,1,1,1,1,1
295000,1,122.1,5,2,0,0,0,1,1,1,1
294000,1,231.24,15,0,0,1,1,1,0,1,1
290000,1,105.93,13,1,1,1,1,1,1,1,1
290000,1,206.27,11,0,0,1,1,1,0,1,1
288000,1,94.56,10,0,0,1,1,1,0,1,1
283500,0,68.7,12,1,1,1,1,1,1,1,1
280000,1,121.97,14,0,0,1,1,0,0,1,1
280000,1,121.95,4,0,0,0,1,1,0,1,1
280000,0,223.22,6,2,0,0,1,1,0,0,1
280000,1,435.5,15,0,0,0,1,1,0,1,1
280000,0,400.27,6,5,0,1,1,0,0,0,1
280000,0,407.96,6,0,0,1,1,1,0,0,1
278000,1,20.69,7,0,0,0,0,1,0,1,1
275000,0,224.2,5,0,0,0,0,1,0,1,1
270000,0,39.6,2,0,0,0,1,1,0,1,1
270000,1,162.89,15,4,0,1,1,0,0,1,1
270000,0,197.97,22,6,1,1,1,1,0,0,1
268000,1,126.93,17,0,0,1,0,1,0,1,0
268000,0,210.8,11,0,0,1,0,1,1,1,0
265000,0,207.78,8,4,0,1,1,1,0,0,0
265000,0,265,5,0,0,1,1,1,0,1,0
260000,1,201.57,10,0,0,1,0,1,0,1,1
257247,0,188.46,12,0,0,1,1,1,0,1,1
255582,0,178.33,9,6,0,1,1,0,0,0,1
250000,0,301.96,6,0,0,0,0,1,0,1,1
250000,1,109.66,10,2,0,1,0,1,0,1,1
250000,0,50.51,4,0,0,0,1,1,0,1,1
250000,1,172.98,10,2,0,1,1,1,0,1,1
250000,0,38.76,2,0,0,0,1,1,0,1,1
250000,1,133.73,7,3,0,0,1,1,0,1,1
250000,1,108.47,14,0,0,1,0,1,0,1,1
250000,1,61.47,13,0,1,1,1,0,1,1,1
250000,0,69.31,9,2,0,1,0,1,1,1,1
250000,0,113.73,14,0,0,1,1,0,0,1,1
250000,1,136,11,0,0,1,1,0,0,1,1
250000,1,84.36,14,2,0,1,1,1,0,1,1
250000,0,185.28,10,3,0,1,1,1,0,1,1
250000,0,198.89,23,5,0,1,0,1,0,1,1
250000,0,215.98,7,11,0,1,1,0,0,1,1
250000,1,143.2,15,3,0,1,1,1,0,1,1
241250,0,193,6,3,0,1,1,1,0,1,1
240000,1,153.95,19,0,1,1,0,1,1,1,0
240000,0,34,3,0,0,0,0,1,0,1,1
240000,0,169.03,9,2,0,1,1,1,0,1,1
240000,0,169.32,9,3,1,1,1,1,0,1,1
239400,0,151.99,12,1,1,1,1,1,0,1,1
236842,0,171.62,6,3,0,1,1,1,0,0,1
236600,0,225.29,6,0,0,1,1,1,0,0,1
235000,1,26,7,0,0,0,1,1,1,1,1
231000,0,152.02,8,4,0,0,1,1,0,1,0
230000,1,101.04,4,0,0,0,0,1,0,1,1
230000,0,153.06,7,5,0,1,0,1,0,1,1
230000,0,153.07,7,5,0,1,0,1,0,1,0
230000,1,74,2,0,0,0,1,1,1,1,1
230000,0,261.68,9,9,0,1,1,0,0,1,1
230000,0,72.78,14,0,1,1,1,0,0,1,1
230000,1,68.26,9,0,0,1,1,1,0,1,0
230000,1,89.23,21,0,1,1,0,1,0,1,1
230000,1,95.55,12,2,0,1,1,1,0,1,1
230000,0,117.41,17,5,0,1,1,1,0,1,1
230000,1,106.61,10,1,0,1,1,1,0,1,1
230000,0,270.88,4,3,0,1,1,0,0,0,1
230000,0,236.42,18,0,1,1,1,0,0,1,1
229464,0,191.22,13,0,0,1,1,0,0,0,0
228000,1,98.37,13,2,0,1,1,1,0,1,1
228000,0,151.99,12,1,1,1,1,1,0,1,1
227227,0,174.79,9,0,0,1,1,1,0,0,0
224600,1,30.08,15,0,0,1,0,0,0,1,1
224536,0,132.08,10,3,0,1,1,0,0,1,1
224400,0,213.72,5,0,0,1,1,1,0,0,0
220000,0,35.07,5,0,0,0,1,1,1,1,0
220000,1,28.93,4,0,0,0,0,1,0,1,1
220000,1,50.02,7,0,0,0,1,1,1,1,1
220000,1,102.36,12,0,1,1,1,1,1,1,1
220000,1,64.67,11,0,0,0,1,0,0,1,0
220000,0,74.57,7,0,0,0,1,1,1,0,1
220000,0,200.18,9,2,0,1,1,1,0,1,1
215000,0,123.99,7,0,1,0,0,1,0,0,1
213375,0,170.69,13,0,1,1,0,1,0,1,1
211000,0,210.68,7,2,0,1,1,1,0,1,1
210000,1,35.64,12,0,0,0,1,1,1,1,0
210000,1,94.14,11,1,0,1,1,1,0,1,0
204750,1,168.53,15,0,0,1,1,1,0,1,1
204336,1,38.28,5,0,0,0,1,1,1,1,1
201285,0,142,10,0,0,1,1,1,0,1,1
200000,1,46.23,2,0,0,0,0,1,0,1,1
200000,1,91.08,7,0,0,0,0,1,1,1,1
200000,0,184.56,10,0,0,1,1,1,0,1,1
200000,0,40.73,2,0,0,0,0,1,0,0,0
200000,0,64.23,3,0,0,0,0,1,0,1,1
200000,1,143,5,0,0,0,1,1,1,1,0
200000,1,187,3,0,0,0,1,1,0,1,1
200000,1,69.36,7,0,0,0,0,1,0,1,1
200000,1,50.64,12,0,1,1,1,1,0,1,1
200000,1,40,12,0,0,1,1,1,1,1,1
200000,0,126.16,10,0,1,1,0,0,0,1,0
200000,0,113.36,23,2,1,1,1,1,0,1,1
200000,0,90.66,21,2,1,1,1,1,0,1,1
200000,0,342.95,9,4,0,0,1,1,0,1,0
200000,0,256.69,6,2,0,1,1,0,0,0,1
200000,0,247.62,5,2,0,1,0,1,0,0,1
198684,0,165.57,8,0,0,1,1,1,0,0,0
198000,0,55.29,7,0,1,0,0,1,0,0,1
198000,0,31.19,4,0,0,0,0,1,0,1,1
198000,0,22.05,2,0,0,0,1,1,0,1,1
198000,1,84.32,14,1,0,1,1,1,1,1,1
198000,1,152.83,8,2,0,1,1,1,0,1,1
197400,1,101.64,11,0,0,0,0,0,0,1,1
195000,0,268,5,0,0,0,1,1,0,1,1
195000,1,48.64,5,0,0,0,0,1,1,1,1
195000,0,80.75,22,0,1,1,1,1,0,1,1
195000,1,90.17,7,1,1,0,1,0,0,1,1
193464,0,107.48,13,0,0,1,1,0,0,0,0
191688,0,91.28,23,0,0,1,1,1,0,1,1
190000,1,34.02,4,0,0,0,1,1,1,1,1
190000,0,90.86,5,2,1,1,1,1,0,0,1
190000,0,126.96,9,0,0,1,1,1,0,1,1
189000,1,35.86,2,0,0,0,0,1,0,1,1
189000,1,113.2,11,0,0,0,0,0,0,1,1
188000,1,147.09,11,1,1,0,0,1,1,1,1
188000,1,55.08,15,0,1,1,1,1,0,1,1
186000,1,113.98,13,2,0,1,1,0,0,1,0
185000,0,59.68,2,1,0,0,0,1,0,0,1
185000,0,67.43,5,0,0,0,1,1,0,1,1
185000,1,94.8,7,0,0,0,0,0,1,1,1
185000,1,17.7,9,1,0,0,1,0,0,1,1
185000,0,76.55,22,0,1,1,1,1,0,1,1
181049,1,134.11,11,0,0,1,1,1,1,1,1
180000,1,40.8,7,0,0,0,0,1,0,1,1
180000,1,100.38,9,0,0,0,1,1,1,1,1
180000,1,91.19,18,2,0,1,1,1,0,1,1
180000,0,109.86,2,0,0,0,1,1,0,1,1
180000,1,48.86,3,0,0,0,0,1,0,1,1
180000,0,53.04,2,0,0,0,1,1,0,1,0
180000,1,53.97,7,0,0,0,1,1,0,1,1
180000,1,71.21,3,0,0,0,1,1,1,1,1
180000,0,153.23,10,3,1,1,1,1,1,0,1
180000,0,95.34,19,2,0,1,1,1,0,0,1
180000,1,66.53,5,0,0,0,1,0,0,1,1
180000,1,45.1,2,0,0,0,1,1,0,1,1
180000,0,68.99,3,0,0,0,0,1,0,0,1
180000,0,102.56,3,1,0,0,0,0,0,0,1
180000,0,130.88,4,0,0,0,1,0,0,1,1
180000,0,66.19,5,1,0,0,0,1,0,0,1
180000,1,66.54,12,0,0,0,1,1,0,1,0
180000,1,17.16,9,1,0,0,1,0,0,1,1
180000,0,75.91,29,0,0,1,0,1,0,1,0
180000,0,141.47,9,1,0,1,0,0,0,0,1
180000,1,173.35,12,0,0,1,0,1,0,1,0
180000,0,76.5,22,0,1,1,1,1,0,1,1
180000,1,181.06,15,0,1,1,1,1,0,1,1
180000,1,145.8,10,3,0,1,0,1,0,1,1
180000,1,101.64,14,2,1,1,0,0,0,1,1
180000,1,83.8,10,2,0,1,1,0,0,1,1
178000,0,118.55,6,0,0,1,1,0,0,0,0
178000,0,118.55,6,0,0,1,1,0,0,1,0
175000,1,36,7,0,0,0,1,1,1,1,1
175000,1,53.75,7,0,0,0,1,1,1,1,1
175000,0,113.15,15,1,1,1,1,1,0,0,1
173250,0,158.08,6,0,0,1,1,1,0,0,1
172000,0,61.06,3,0,0,0,0,1,0,0,1
171644,1,108.98,15,1,0,1,1,1,0,1,1
170000,0,273.7,6,0,0,0,0,1,0,1,1
170000,1,40.57,5,0,0,0,0,0,0,1,1
170000,1,8.71,12,0,0,0,0,1,0,1,0
170000,1,105.51,9,0,0,1,1,1,1,1,0
170000,1,105.51,9,0,0,1,1,1,1,1,0
170000,0,65.33,5,0,0,0,1,0,0,0,1
170000,0,88.1,14,3,1,1,0,0,0,1,1
170000,0,334.79,7,0,1,0,0,0,1,1,1
170000,0,112.5,13,2,0,1,1,1,0,1,0
170000,1,78.42,11,1,0,1,1,1,0,1,1
170000,1,102.75,14,4,0,1,0,0,0,1,1
168000,1,77.6,9,0,0,1,1,1,0,1,0
168000,0,101.46,6,1,0,1,1,1,0,1,1
168000,1,86.65,12,2,0,1,1,1,1,1,1
168000,0,130.1,13,2,0,0,1,0,0,1,1
167000,0,101.13,11,2,0,1,1,1,0,1,1
166000,0,70.31,5,0,0,0,1,1,0,1,1
166000,1,83.58,13,0,0,1,1,1,0,1,1
165000,1,60,12,0,0,1,1,1,0,1,1
165000,1,15.63,9,1,0,0,1,0,0,1,1
165000,0,136.57,15,1,1,1,1,1,0,0,1
165000,0,89.06,10,1,0,1,1,1,0,1,1
162000,0,97.4,10,1,0,0,1,0,0,1,1
160000,1,66.34,8,0,0,0,1,0,1,1,1
160000,0,26.16,4,0,0,0,0,1,0,1,1
160000,1,88.88,4,0,0,0,1,1,1,1,1
160000,0,45.86,4,0,0,0,1,1,1,1,1
160000,1,44.61,7,0,0,0,0,1,0,1,1
160000,0,45.68,4,0,0,0,0,1,1,0,0
160000,1,51.55,2,0,0,0,1,1,1,1,1
160000,1,122.13,5,0,0,0,0,1,0,1,1
160000,1,27.19,7,0,0,0,0,1,0,1,1
160000,0,42.23,10,1,0,0,1,0,0,1,1
160000,0,23.69,3,0,0,0,0,0,0,1,1
160000,1,216.38,7,0,0,0,1,0,0,1,1
160000,0,39.61,7,0,0,0,0,1,0,1,0
160000,1,44.25,7,0,0,0,0,1,0,1,1
160000,1,77.53,12,0,1,0,1,1,0,1,1
160000,1,82.34,16,1,0,1,1,0,0,1,1
160000,0,84.6,9,0,0,1,1,1,0,1,0
160000,0,87.96,12,0,0,0,1,1,1,1,1
160000,0,102.31,15,1,1,1,1,1,0,0,1
160000,0,102.31,15,1,1,1,1,0,0,0,1
160000,1,101.37,12,0,0,1,1,1,0,1,1
160000,1,103.03,11,2,0,1,1,1,0,1,0
159000,1,93.15,11,3,0,1,1,1,0,1,1
158000,1,121,10,0,0,1,1,1,0,1,1
158000,0,94.05,2,1,0,0,0,1,0,1,1
158000,0,81.03,29,1,0,1,0,1,0,1,1
158000,0,58.34,21,0,0,1,1,1,0,1,1
157500,0,80.95,2,1,0,0,1,1,0,0,1
157500,0,80.77,2,1,0,0,1,1,0,1,1
157500,0,74.87,2,1,0,0,1,1,0,0,1
155000,0,102.31,15,1,1,1,1,1,0,0,1
153000,0,81.79,15,0,1,1,1,1,0,0,1
152400,0,126.4,6,3,0,1,1,0,0,1,0
151956,0,84.42,13,0,0,1,1,0,0,0,0
150000,0,70.58,5,0,0,0,1,1,0,1,1
150000,0,87.53,2,1,0,0,0,0,0,0,1
150000,1,38.17,4,0,0,0,1,1,0,1,1
150000,1,49.77,7,0,0,0,0,1,0,1,1
150000,1,88.64,7,0,1,1,0,1,1,1,1
150000,1,69.56,4,0,0,0,1,1,0,1,1
150000,0,72,1,1,0,1,0,1,0,0,1
150000,0,110.61,7,3,0,1,1,1,0,1,0
150000,1,34.15,4,0,0,0,0,1,0,1,1
150000,1,49.24,6,0,0,0,1,1,0,1,0
150000,0,25,3,0,0,0,0,1,0,1,1
150000,1,23.56,4,0,0,0,0,1,1,1,1
150000,1,59.85,4,0,0,0,1,0,0,1,1
150000,1,62.86,14,1,1,1,1,1,0,1,1
150000,0,71.63,3,0,0,0,1,0,0,1,1
150000,1,54.9,5,0,1,0,1,1,0,1,1
150000,0,15.8,2,0,0,0,1,1,0,1,1
150000,0,97.49,10,1,0,0,1,0,0,1,1
150000,1,13.71,9,1,0,0,1,0,0,1,1
150000,0,82.23,13,1,1,1,1,1,1,1,1
150000,1,32.89,4,0,0,0,1,1,0,1,1
150000,1,40.83,4,0,0,0,1,0,0,1,1
150000,1,58.89,2,0,0,0,0,1,1,1,1
150000,0,149.58,6,0,0,1,1,0,0,0,1
150000,1,86.15,7,0,0,0,0,1,0,1,1
150000,1,30.92,12,0,1,1,1,1,0,1,1
150000,1,129.63,7,0,0,0,0,0,0,1,1
150000,1,31.08,7,0,0,0,0,1,1,1,1
150000,1,39.6,7,0,0,0,1,1,0,1,1
150000,1,94.63,7,0,0,0,1,1,1,1,1
150000,1,49.74,11,0,0,0,0,1,1,1,0
150000,1,51.25,10,3,0,1,1,1,0,1,1
150000,0,68.02,15,0,1,1,1,1,0,1,0
150000,0,76.37,8,0,0,1,1,1,0,1,1
150000,0,82.26,9,1,1,1,1,0,0,1,0
150000,1,79.17,15,1,1,1,0,1,0,1,1
150000,0,81.37,10,2,0,1,1,1,1,1,1
150000,1,188.15,12,0,0,1,1,1,0,1,1
148888,0,109.25,15,0,1,1,0,1,1,1,1
148000,1,49.38,7,0,0,0,1,1,1,1,1
148000,0,113.53,7,2,0,0,1,0,0,1,1
145000,1,68.79,12,0,0,0,1,1,0,1,1
145000,1,30.58,4,0,0,0,1,1,1,1,1
145000,0,94.8,14,2,1,1,1,1,0,1,0
145000,1,86.64,12,0,0,1,1,1,0,1,1
145000,1,82.8,15,0,0,1,1,0,0,1,1
145000,1,77.61,14,2,1,1,1,0,0,1,1
143000,1,110,12,0,0,1,1,1,0,1,1
141427,0,122.98,11,0,1,1,1,0,0,1,1
140000,0,44.77,3,0,0,0,1,1,1,1,1
140000,1,71.88,10,2,0,1,1,0,0,1,1
140000,1,23.85,4,0,0,0,1,1,1,1,1
140000,1,51.45,6,0,0,0,0,1,0,1,1
140000,0,113.66,5,0,0,0,0,1,0,1,1
140000,0,60,6,0,0,0,1,0,0,1,1
140000,1,64.63,5,0,0,0,0,1,0,1,0
140000,1,74.22,12,0,1,0,1,1,0,1,0
140000,0,62.97,15,1,1,1,1,1,1,0,1
140000,1,54.35,16,0,1,1,0,1,0,1,1
140000,0,142.69,22,0,1,1,0,1,0,1,1
140000,1,75.43,11,1,0,1,0,0,0,1,1
138000,1,23.06,14,0,0,0,1,1,0,1,0
138000,0,78,7,0,0,0,1,1,1,0,1
138000,0,124.58,14,2,0,1,1,0,0,1,1
138000,0,87.14,4,2,1,1,1,1,1,1,1
138000,1,89.4,11,1,1,1,0,1,0,1,1
137500,0,107.38,8,2,0,1,1,1,0,0,0
136800,0,129.38,14,2,1,1,1,1,0,1,1
136500,0,31.37,22,0,0,1,1,0,0,1,0
136000,0,20,3,0,0,0,1,1,0,1,1
136000,0,77.38,15,2,1,1,0,1,0,1,1
136000,0,167.81,8,3,0,1,1,1,0,0,0
135000,0,110.54,5,0,0,0,0,1,0,1,1
135000,1,79.44,7,0,0,0,1,1,0,1,0
134764,0,65.85,8,3,0,1,1,0,0,1,0
133000,1,63.95,19,0,0,1,1,1,0,1,1
132000,0,100.83,21,2,1,1,1,1,0,1,1
130000,1,35.22,5,0,0,0,0,1,0,1,1
130000,0,100.83,21,2,1,1,1,1,0,1,1
130000,1,20.85,12,0,1,1,1,1,0,1,1
130000,1,59.84,4,0,0,0,1,1,1,1,0
130000,0,36.76,6,0,0,0,1,0,0,1,1
130000,0,88.35,4,0,0,0,1,1,0,1,1
130000,1,19.46,7,0,0,0,1,1,1,1,1
130000,0,73.85,7,1,0,0,0,1,0,1,1
130000,0,71.13,8,1,0,1,0,0,0,0,1
130000,0,73.36,29,1,1,1,1,1,0,1,0
130000,0,46.49,11,0,0,1,1,1,1,0,1
130000,1,72.59,14,2,0,1,1,0,0,1,1
130000,0,93.37,7,2,1,1,1,0,0,0,1
129000,1,41.45,4,0,0,0,1,1,1,1,1
128000,1,37.33,2,0,0,0,0,1,1,1,1
128000,1,30.25,4,0,0,0,1,1,1,1,1
128000,1,49.77,7,0,0,0,0,1,0,1,1
128000,0,115.68,6,0,0,1,1,0,0,1,0
128000,1,38.09,12,0,1,1,0,1,0,1,0
128000,0,96.19,4,2,0,0,0,0,0,1,1
128000,0,66.01,17,1,0,1,1,0,0,1,1
128000,1,91.38,14,0,1,1,0,1,1,1,1
127500,0,100.4,8,2,0,1,1,1,0,0,0
126000,0,94.03,5,0,0,0,0,1,0,0,1
125000,1,99.43,13,0,0,1,1,1,0,1,1
125000,1,30.8,12,0,1,1,1,1,0,1,1
125000,1,75.19,22,0,0,1,1,1,0,1,1
125000,1,75.55,22,0,0,1,1,0,0,1,1
125000,0,96.77,14,2,0,1,1,1,1,1,1
125000,1,50.01,10,0,0,1,1,0,0,1,0
125000,0,78.24,7,1,0,1,1,1,0,1,1
125000,1,76.64,12,0,1,1,1,1,0,1,1
123170,0,123.17,8,0,0,1,1,0,0,0,0
123000,0,110.92,6,0,0,1,1,0,0,1,0
121090,0,85.85,9,0,0,1,1,1,0,1,0
121000,0,109.13,6,0,0,1,1,0,0,1,0
121000,0,109.13,6,0,0,1,1,0,0,1,0
120000,1,27.8,12,0,0,1,1,1,1,1,1
120000,0,66.82,13,1,0,1,1,1,0,1,0
120000,1,56.98,7,0,0,0,0,1,0,1,1
120000,0,77.51,19,1,1,1,1,1,0,1,1
120000,1,64.15,7,1,0,0,1,1,0,1,1
120000,1,92.48,12,0,1,1,1,1,0,1,1
120000,0,23.78,2,0,0,0,1,1,0,1,1
120000,1,48.57,5,0,0,0,0,1,0,1,1
120000,0,56.95,5,0,0,0,0,0,0,0,1
120000,0,24.93,5,0,0,0,1,0,1,1,0
120000,0,50.65,12,1,0,1,1,0,0,1,0
120000,0,122.43,7,0,1,1,1,1,0,0,1
120000,0,45.74,12,0,1,1,1,1,0,1,1
120000,1,17.83,15,0,1,1,1,0,0,1,1
120000,0,96.1,3,1,0,1,1,1,0,1,1
120000,0,71.88,2,1,0,0,1,0,0,1,1
120000,1,28.55,12,0,0,1,1,0,0,1,1
120000,1,44,9,0,0,1,0,1,0,1,1
120000,1,36.62,3,0,1,1,0,1,0,1,1
120000,0,36.87,16,0,1,0,1,1,1,1,0
120000,1,40.52,24,0,0,1,1,1,0,1,1
120000,1,28.88,9,0,0,1,1,1,0,1,1
120000,0,59.28,16,0,1,1,0,1,0,1,1
120000,1,51.27,12,0,0,0,1,0,0,1,1
120000,0,62.98,15,1,0,1,1,1,1,0,1
120000,0,85.96,12,2,1,1,0,1,0,1,0
120000,0,66.2,14,1,0,1,0,1,0,0,1
120000,0,78.47,15,1,1,1,0,0,0,1,1
120000,1,110.29,12,0,0,0,1,0,1,1,0
118000,1,60.62,21,0,0,1,0,1,0,1,1
118000,1,41.62,5,0,0,0,1,0,0,1,1
118000,1,58.74,12,0,0,1,1,1,0,1,0
118000,0,81.38,10,2,0,1,1,1,0,1,1
116000,1,53.47,15,0,1,1,0,0,0,1,1
116000,1,73.88,24,1,0,1,0,0,0,1,1
115000,0,49.81,11,0,0,1,1,1,1,1,1
115000,1,29.49,7,0,0,0,1,1,0,1,1
115000,1,20.59,2,0,0,0,0,1,1,1,1
115000,1,65.5,12,0,0,0,1,1,0,1,1
115000,0,55.57,12,0,0,1,1,1,1,1,0
115000,0,73.81,12,1,1,1,1,1,1,0,1
115000,0,72.38,29,1,1,1,1,1,1,1,0
115000,1,65.74,10,2,0,1,1,1,0,1,1
114720,1,76.48,12,0,0,1,1,1,1,1,1
113000,1,70.58,10,2,0,1,1,1,0,1,1
111000,1,74,11,0,0,1,1,1,0,1,1
110250,0,126.49,13,2,0,1,1,1,0,0,0
110000,1,66.2,24,1,1,1,1,1,0,1,1
110000,0,40.7,3,0,0,0,0,1,0,0,1
110000,1,25.96,4,0,0,0,1,1,1,1,1
110000,1,39.58,7,0,0,0,0,1,1,1,1
110000,0,127.29,6,0,0,0,0,0,1,1,1
110000,0,82.08,10,1,0,1,1,1,1,1,1
110000,0,100,7,0,0,1,1,1,0,1,0
110000,0,83.86,6,1,0,1,0,1,0,0,1
110000,0,88.55,8,2,0,1,1,1,0,1,0
110000,0,82.54,7,0,0,1,1,1,0,1,0
110000,0,85.14,14,1,1,1,1,1,0,0,1
110000,0,99.91,21,2,1,1,1,1,0,1,0
108000,1,15.82,5,0,0,0,1,0,0,1,0
108000,0,6.47,1,0,0,0,0,1,0,1,1
108000,1,48.18,13,0,0,1,1,1,0,1,1
108000,0,95.24,4,1,1,1,1,0,0,1,1
108000,0,105.26,11,0,0,1,1,1,1,0,1
108000,1,67.23,16,0,0,1,0,1,0,1,1
108000,1,67.53,16,0,0,1,0,1,0,1,1
108000,0,77.25,10,1,0,1,1,1,0,1,1
107000,1,67.48,16,0,0,1,0,1,0,1,1
106600,0,88.73,7,3,0,1,1,0,0,1,1
106000,1,67.18,16,0,0,1,0,1,0,1,1
106000,1,67.53,16,0,0,1,0,1,0,1,1
106000,1,81.89,16,0,0,1,0,1,0,1,1
105200,0,78.54,10,1,0,1,1,1,0,1,1
105000,1,16.95,3,0,0,0,1,1,0,1,1
105000,0,60.99,2,1,0,0,1,1,0,0,1
105000,0,94.98,6,0,0,1,1,0,0,1,0
105000,1,34.6,24,0,0,1,1,1,0,1,1
105000,0,67.09,12,1,1,1,1,1,1,1,1
105000,1,74.77,7,1,0,1,1,1,0,1,1
105000,1,104.73,15,0,1,1,1,1,0,1,1
105000,1,67.23,16,0,0,1,0,1,0,1,1
105000,1,67.48,16,0,0,1,0,1,0,1,1
105000,0,67.49,5,0,0,0,0,1,0,0,1
104000,1,67.18,16,0,0,1,0,1,0,1,1
104000,1,67.53,16,0,0,1,0,1,0,1,1
103950,1,74.25,15,0,0,1,1,1,1,1,1
103000,1,65.01,16,0,0,1,0,1,1,1,1
103000,1,65.01,16,0,0,1,0,1,0,1,1
103000,1,67.23,16,0,0,1,0,1,0,1,1
103000,1,67.48,16,0,0,1,0,1,0,1,1
102000,0,92.8,10,0,0,1,1,1,0,1,1
102000,0,68.63,15,1,1,1,1,1,0,1,1
102000,1,64.82,16,0,0,1,0,1,0,1,1
102000,1,64.82,16,0,0,1,0,1,0,1,1
102000,1,65.34,16,0,0,1,0,1,0,1,1
102000,1,65.34,16,0,0,1,0,1,0,1,1
101000,0,101.93,8,2,0,0,1,1,0,1,1
101000,1,67.18,16,0,0,1,0,1,0,1,1
101000,1,67.53,16,0,0,1,0,1,0,1,1
100000,1,36.16,4,0,0,0,0,1,1,1,1
100000,0,46.95,5,0,0,0,1,1,0,1,0
100000,1,96.93,11,1,1,1,1,1,0,1,1
100000,0,22.2,3,0,0,0,1,1,0,1,1
100000,1,47.39,14,0,0,1,1,1,0,1,1
100000,0,25.88,4,0,0,0,0,1,1,1,0
100000,1,27,4,0,0,0,1,1,1,1,1
100000,0,36.75,7,0,0,0,1,1,0,0,1
100000,0,130.63,7,1,0,0,1,1,0,0,1
100000,0,89.18,13,2,0,1,1,1,0,1,1
100000,1,50.39,17,0,0,1,1,1,0,1,1
100000,0,32.04,4,0,0,0,1,1,0,1,1
100000,1,50.73,3,0,0,0,1,1,0,1,0
100000,0,39.44,3,0,0,0,0,1,0,1,1
100000,0,47.2,7,0,0,0,1,1,0,1,1
100000,0,63.25,1,1,0,0,0,0,0,0,1
100000,1,24.03,19,0,1,1,1,1,0,1,1
100000,1,80.95,11,0,0,0,1,1,0,1,1
100000,1,69.45,5,0,0,0,1,1,1,1,1
100000,0,86.78,7,0,0,0,1,1,0,1,1
100000,0,61.37,5,0,0,0,1,1,0,1,1
100000,1,54.66,14,0,1,1,1,1,1,1,1
100000,0,38.77,14,0,0,1,0,1,0,1,1
100000,1,32.89,7,0,0,1,1,1,1,1,1
100000,0,90.12,4,0,0,1,1,1,0,1,0
100000,0,51.8,14,0,0,1,1,1,0,0,0
100000,0,55.15,21,0,1,1,1,1,0,1,1
100000,1,71.56,12,0,1,1,0,1,1,1,1
100000,1,49.82,15,0,1,1,1,1,1,1,1
100000,0,80.41,5,1,0,0,0,1,0,1,1
100000,0,89.22,14,2,1,1,1,1,1,0,0
100000,0,81.82,12,2,0,1,1,1,1,1,1
100000,1,64.82,16,0,0,1,0,1,0,1,1
100000,1,64.82,16,0,0,1,0,1,0,1,1
100000,1,71.51,14,1,1,1,1,1,0,1,1
100000,0,108.15,15,0,1,1,1,1,1,1,1
100000,0,119.29,9,2,0,1,0,1,0,0,0
100000,0,99.66,21,2,1,1,1,1,0,1,1
99898,1,20.47,7,0,0,0,1,1,0,1,1
99800,0,56.23,9,0,0,1,0,1,0,1,1
99000,1,65.34,16,0,0,1,0,1,0,1,1
99000,1,65.34,16,0,0,1,0,1,0,1,1
99000,1,67.23,16,0,0,1,0,1,0,1,1
98000,0,41.46,7,0,1,0,1,1,0,1,1
98000,0,130.91,2,4,0,0,0,0,0,0,0
98000,0,10,4,0,0,0,0,1,0,1,1
98000,0,44.65,13,0,0,1,1,0,0,0,1
98000,1,35.04,10,0,0,0,1,0,0,1,1
98000,1,57.94,12,0,1,1,0,1,0,1,1
98000,1,64.82,16,0,0,1,0,1,0,1,1
98000,1,64.82,16,0,0,1,0,1,0,1,1
98000,0,68.27,19,0,0,1,0,1,1,1,0
97000,0,87.79,6,0,0,1,1,0,0,1,0
97000,1,65.34,16,0,0,1,0,1,0,1,1
97000,1,65.34,16,0,0,1,0,1,0,1,1
95000,0,80.93,6,2,0,1,1,1,0,1,0
95000,1,26.75,4,0,0,0,0,1,0,1,1
95000,1,64.74,7,0,0,0,0,1,0,1,1
95000,1,65.9,7,0,1,1,1,1,0,1,1
95000,1,47.9,13,0,1,1,1,1,1,1,1
95000,0,40.49,17,0,0,1,1,1,0,1,1
95000,1,61.95,15,1,0,1,1,1,0,1,1
95000,1,66.1,12,0,0,1,1,1,0,1,1
95000,1,59.07,11,1,1,1,1,1,0,1,1
95000,0,72.78,9,2,0,1,1,1,0,1,1
94300,0,99.22,6,2,0,1,1,1,0,0,0
94000,0,86.15,19,1,0,1,1,1,1,1,1
93500,0,84.27,6,0,0,1,1,0,0,1,0
93000,0,8.02,1,0,0,0,1,1,1,1,1
93000,0,98.39,14,0,1,1,0,1,0,0,1
92000,0,70.96,9,0,0,1,1,1,0,1,1
91000,1,33.13,5,0,0,0,0,1,0,1,1
91000,0,82.08,6,0,0,1,1,0,0,1,0
91000,1,60.77,7,0,0,0,1,1,0,1,1
91000,0,103.37,7,1,0,1,1,0,0,0,1
90000,1,73.8,6,0,0,0,0,1,1,1,1
90000,0,75.16,7,0,0,0,0,1,0,1,1
90000,0,86.57,10,0,1,0,1,0,0,1,1
90000,1,15.08,6,0,0,0,1,1,1,1,1
90000,1,36.32,4,0,0,0,0,1,1,1,0
90000,0,23.07,4,0,0,0,1,1,0,1,0
90000,1,37.44,5,0,0,0,1,1,0,1,0
90000,0,69.28,6,0,0,0,1,0,0,1,1
90000,0,56.03,4,0,0,0,0,1,0,1,1
90000,1,22.25,7,0,0,0,1,1,1,1,1
90000,1,21.38,12,0,1,0,0,0,0,1,1
90000,1,59.89,16,0,1,1,0,1,1,1,1
90000,1,17.13,9,0,0,1,1,1,0,1,1
90000,0,53.1,19,1,0,1,0,1,1,1,1
90000,1,51.19,14,0,1,1,1,1,1,1,1
90000,1,49.79,14,0,0,1,0,1,1,1,0
90000,0,81.74,5,1,0,0,0,1,0,1,1
90000,0,81.37,10,1,1,0,1,0,0,0,0
90000,0,76.38,5,1,0,1,0,1,0,0,1
90000,0,76.87,11,1,1,1,1,0,1,0,0
90000,1,67.3,12,0,0,1,1,0,0,1,0
90000,0,105.73,12,3,0,1,1,1,0,1,0
90000,1,76.22,18,1,0,1,1,1,1,1,1
90000,0,81.41,9,0,1,1,1,1,0,0,0
89000,0,94.46,10,0,1,1,0,1,0,0,1
88000,1,70.53,10,0,0,0,1,1,0,1,1
88000,0,145.08,10,2,0,1,1,1,0,1,1
88000,0,142.54,10,1,0,1,1,1,0,1,1
88000,0,44.44,2,0,0,0,0,1,0,1,1
88000,1,56.76,5,0,0,0,1,0,0,1,1
88000,1,48.84,5,0,0,0,1,1,1,1,1
88000,1,35.37,7,0,0,0,0,1,1,1,1
88000,1,27.86,15,0,0,1,0,1,1,1,1
88000,1,51.65,24,0,0,1,1,1,0,1,0
88000,1,45.89,12,1,1,1,1,1,0,1,1
88000,1,57.98,11,1,0,1,1,1,0,1,1
88000,0,56.95,19,1,0,1,1,1,0,1,1
88000,0,71.94,19,1,0,1,0,1,0,1,1
88000,1,53.24,7,0,1,0,1,1,1,1,1
88000,1,52.39,8,2,0,1,0,0,0,1,1
88000,1,140.45,7,0,0,0,0,1,0,1,1
88000,0,79.25,8,2,1,1,1,0,0,1,1
87675,0,55.64,14,0,0,1,1,0,0,1,1
87400,0,64.17,10,0,0,1,1,1,0,1,1
86000,0,34.18,2,0,0,0,0,1,1,1,1
86000,1,58.92,18,1,0,1,0,1,0,1,1
86000,0,49.92,25,0,1,1,1,1,0,1,0
85000,0,82.26,8,0,0,0,1,1,0,1,1
85000,1,34.6,5,0,0,0,1,1,1,1,1
85000,0,67.27,5,0,0,0,1,1,0,0,0
85000,1,66.24,8,0,0,0,1,1,0,1,0
85000,0,70.68,7,0,1,1,0,1,0,1,1
85000,1,17.51,12,0,0,0,1,1,0,1,1
85000,1,44.34,27,0,0,1,1,1,1,1,0
85000,1,31.5,14,0,0,1,1,1,0,1,1
85000,0,40.93,15,0,1,1,1,1,1,1,1
85000,1,52.25,9,1,0,1,1,1,0,1,1
85000,0,86,5,2,0,0,1,0,0,1,1
85000,1,48.39,14,0,0,1,1,1,1,1,0
85000,1,60.74,13,0,1,1,1,1,1,1,1
85000,1,78.73,13,1,1,1,1,1,1,1,1
85000,1,44.59,15,1,1,1,1,1,1,1,1
85000,0,70.37,14,2,1,1,1,1,0,0,1
85000,0,102.47,7,2,1,1,1,1,0,1,1
84000,1,70.6,11,0,0,1,1,1,0,1,1
83000,1,35.82,7,0,0,0,0,1,0,1,1
83000,0,90.86,6,0,0,1,1,0,0,0,1
82500,1,54.8,15,0,0,1,0,0,0,1,1
82000,1,58.34,24,0,0,1,1,1,0,1,1
82000,1,69.7,12,0,1,0,0,1,0,1,0
80000,1,32.88,10,1,0,1,1,1,0,1,1
80000,0,49.61,7,0,0,0,0,1,0,0,1
80000,1,68.6,6,2,0,1,1,1,0,1,1
80000,0,57.11,13,0,0,1,1,0,0,1,1
80000,1,42.37,8,0,0,0,0,0,0,1,1
80000,1,72.97,15,2,1,1,1,1,1,1,1
80000,1,16.2,4,0,0,0,1,1,1,1,0
80000,0,18.42,5,0,0,0,1,1,0,1,0
80000,0,45.17,3,0,0,0,0,1,0,1,1
80000,1,55.72,3,0,0,0,1,0,0,1,1
80000,1,18.01,4,0,0,0,1,1,1,1,1
80000,0,67.84,11,1,1,1,1,1,0,1,1
80000,0,55.03,5,0,0,0,0,1,0,0,0
80000,0,54.69,5,0,0,0,1,0,0,1,0
80000,0,20,6,0,0,0,1,1,0,1,1
80000,1,30.02,17,1,0,1,1,1,0,1,1
80000,0,69.22,6,0,0,0,0,0,0,1,1
80000,1,47.33,12,0,1,0,0,1,1,1,1
80000,0,33.51,12,0,0,1,1,0,0,1,1
80000,0,34.36,5,0,0,0,0,1,0,0,1
80000,1,21.24,12,0,0,0,1,1,0,1,1
80000,1,43.87,7,0,0,0,0,1,1,1,1
80000,1,37.95,7,0,1,0,0,1,0,1,1
80000,0,243.89,5,0,0,0,1,1,0,1,1
80000,1,15.26,7,0,0,0,1,1,0,1,1
80000,1,43.37,12,0,0,0,0,1,1,1,1
80000,1,33.37,13,0,0,1,0,1,0,1,1
80000,0,46.19,21,0,1,1,1,1,0,1,1
80000,1,76.33,15,0,1,1,1,1,0,1,1
80000,1,52.24,15,1,0,1,1,1,0,1,1
80000,0,97.49,2,1,0,1,1,0,0,0,1
80000,0,68.72,9,1,1,1,1,1,0,0,1
79999,1,54.2,17,1,0,1,1,1,0,1,1
79500,0,57.09,21,1,0,1,0,1,0,1,1
79000,0,55.97,2,0,0,0,1,1,0,1,1
79000,0,63.52,14,1,0,1,1,1,0,1,1
79000,1,35.63,12,0,1,0,1,0,0,1,0
79000,0,15.63,11,0,0,0,0,1,1,1,1
79000,1,75.67,16,0,1,1,1,0,0,1,0
79000,1,62.46,12,1,1,1,1,0,0,1,1
79000,1,74.1,18,0,0,1,1,1,0,1,1
79000,0,81.07,14,2,0,1,1,0,1,0,1
78000,1,23.43,4,0,0,0,1,1,0,1,0
78000,1,26.24,9,1,0,1,1,1,1,1,1
78000,1,35.3,7,0,0,0,0,1,1,1,1
78000,0,77.68,4,1,0,1,1,0,1,0,1
78000,1,33.92,3,0,0,0,0,1,0,1,1
78000,1,17.9,4,0,0,0,0,1,1,1,1
78000,0,41.96,2,0,0,0,1,1,0,1,1
78000,0,77.78,12,0,1,1,0,1,0,1,0
78000,1,51.65,23,1,0,1,1,1,0,1,1
78000,1,34.58,5,0,0,0,0,1,1,1,1
78000,0,63.14,19,1,0,1,1,1,0,1,1
78000,1,44.55,6,1,0,0,0,0,1,1,1
78000,1,17.81,14,0,0,1,1,1,0,1,1
78000,1,48.59,9,0,0,1,1,1,0,1,1
78000,1,54,14,0,0,1,1,1,0,1,1
78000,0,81.27,5,1,0,1,1,1,1,0,1
77000,1,50.04,12,0,0,0,1,1,1,1,1
77000,1,37.53,5,0,0,0,1,1,0,1,1
77000,1,62.93,11,0,1,1,1,1,0,1,1
76000,0,27.46,5,0,0,0,0,1,0,0,1
76000,0,19.43,4,0,0,0,0,1,0,1,1
75800,0,62.8,12,1,1,1,1,1,1,1,1
75000,1,32.86,10,1,0,1,1,1,0,1,1
75000,0,33.96,2,0,0,0,1,1,0,1,0
75000,0,90.74,2,0,1,1,1,0,0,1,1
75000,1,25.65,16,0,0,1,0,1,0,1,1
75000,1,25,4,0,0,0,0,1,0,1,1
75000,0,64.98,5,0,0,0,0,1,0,1,1
75000,0,65.75,7,0,0,0,1,1,0,0,0
75000,0,45.5,4,0,0,0,1,1,0,1,1
75000,1,29.13,7,0,0,0,0,1,0,1,1
75000,1,31.55,5,0,0,0,0,1,0,1,0
75000,1,17.36,15,0,0,1,0,1,1,1,1
75000,1,49.49,12,0,1,1,0,1,1,1,1
75000,0,77.93,4,0,0,1,1,1,0,1,1
75000,1,46.9,6,0,1,0,0,0,0,1,1
75000,1,61.04,16,0,0,1,0,1,1,1,0
75000,1,41.55,12,0,1,1,1,1,1,1,1
75000,0,47.38,15,1,1,1,1,1,0,1,1
75000,1,44.23,12,1,0,1,0,1,1,1,1
75000,0,53.81,14,0,1,1,1,1,0,1,1
75000,0,82.72,12,1,1,1,1,1,0,1,1
75000,1,55.18,14,0,0,1,1,1,0,1,1
75000,0,54.57,9,0,0,1,1,0,0,0,1
75000,1,55.56,7,0,0,1,1,1,0,1,0
74500,0,54.99,11,0,0,1,0,1,1,1,0
74000,0,70.4,15,1,1,1,1,1,0,1,1
73800,0,31.2,4,0,0,0,0,1,0,1,0
73500,1,44.94,12,0,1,0,1,1,0,1,0
73500,1,62.55,6,0,0,0,1,1,1,1,1
73000,0,57.62,13,1,0,1,1,1,0,1,1
72800,1,46.36,14,0,1,1,0,0,0,1,1
72000,1,10,7,0,0,0,0,1,0,1,1
72000,0,59.79,14,0,1,1,0,1,0,0,1
72000,1,76.34,12,2,1,1,1,1,0,1,0
72000,1,19.17,12,0,1,0,1,1,0,1,0
72000,0,76.51,4,0,0,0,1,1,0,1,1
72000,0,82,7,0,0,0,0,1,0,0,0
72000,1,26.77,12,0,1,1,1,1,1,1,1
72000,1,42.28,14,1,1,1,1,1,0,1,1
72000,0,108.09,10,2,0,1,1,1,0,0,0
71600,1,64.72,12,0,1,1,0,1,1,1,1
71500,0,65,7,0,0,1,1,0,0,0,0
71000,0,51.85,14,0,1,1,0,1,0,0,1
71000,1,32.69,15,0,0,1,1,1,1,1,0
70000,0,66.59,5,0,0,0,1,1,0,1,1
70000,0,80.05,5,2,0,0,1,1,1,0,1
70000,0,24.28,11,0,0,1,1,1,1,1,1
70000,1,27.85,4,0,0,0,0,1,0,1,1
70000,0,35.85,15,0,1,1,1,1,0,1,1
70000,1,22.68,7,0,1,0,1,1,0,1,1
70000,0,40.7,2,1,0,1,1,1,0,1,1
70000,1,33.64,4,0,0,0,0,1,0,1,1
70000,1,33.03,4,0,0,0,0,1,1,1,1
70000,0,24.99,5,0,0,0,1,1,0,1,0
70000,1,24.9,3,0,0,0,1,0,0,1,1
70000,0,29.75,5,0,0,0,0,1,0,1,1
70000,1,33.79,7,0,1,0,0,1,1,1,0
70000,1,24.33,8,0,1,1,0,1,0,1,1
70000,1,46.74,15,1,0,1,0,1,0,1,1
70000,0,21.21,13,0,0,1,1,1,0,1,0
70000,0,66.84,5,1,0,0,1,0,0,1,0
70000,0,87.47,14,0,0,1,1,1,1,1,1
70000,0,64.14,5,1,1,1,0,0,0,1,1
70000,0,93.9,14,0,0,1,1,1,1,1,1
70000,1,53.27,17,0,0,1,1,0,0,1,1
70000,1,48.02,12,0,0,0,1,1,1,1,1
70000,0,48.25,12,2,0,1,1,1,0,1,1
70000,0,68.72,14,1,1,1,1,0,0,1,1
70000,0,94.96,14,0,0,1,1,1,0,1,1
70000,0,70.51,12,1,1,1,0,1,0,1,1
70000,1,49.33,11,0,0,1,1,0,0,1,1
70000,0,66.39,15,1,0,1,1,1,0,1,1
70000,0,72.22,17,1,1,1,1,1,1,1,1
70000,0,64.7,11,0,0,0,1,1,1,1,0
70000,0,54.16,7,0,0,1,1,0,0,0,1
70000,0,65.94,9,0,0,0,0,1,0,1,1
70000,0,74.09,5,1,0,1,1,1,0,0,1
69900,0,32.77,15,0,1,1,1,1,1,1,1
69000,1,23.76,14,0,0,1,1,1,1,1,1
69000,1,39.6,15,0,1,1,1,1,0,1,1
69000,1,27.28,4,0,0,0,1,1,1,1,1
69000,1,37.84,11,0,0,0,1,1,0,1,1
69000,1,35.99,16,0,1,1,0,1,1,1,1
69000,0,88.25,14,0,0,1,1,1,1,1,1
69000,0,70.95,23,1,0,1,1,0,0,1,1
68000,1,37.8,5,0,0,0,0,1,0,1,1
68000,0,66.94,5,0,0,0,1,0,0,1,1
68000,1,17.78,3,0,0,0,1,1,0,1,1
68000,0,59.09,13,0,0,1,1,1,0,1,1
68000,1,20.57,4,0,0,0,0,0,0,1,1
68000,0,34.02,7,0,0,0,1,0,0,0,1
68000,0,78.46,5,0,0,0,1,1,0,1,1
68000,1,96.24,7,0,0,0,0,1,1,1,1
68000,1,54.7,13,1,1,1,1,1,1,1,0
68000,1,26.25,12,0,1,1,1,1,1,1,1
68000,0,35.69,12,0,1,1,0,1,1,1,0
68000,0,34.82,12,0,0,0,0,0,0,1,1
68000,0,46.6,14,1,0,1,0,1,1,1,1
68000,1,50.09,14,0,0,1,1,1,0,1,1
68000,1,64.27,16,1,1,1,1,1,0,1,1
68000,0,44.81,8,1,0,1,1,1,0,1,1
68000,0,61.1,10,2,0,1,1,1,0,1,1
68000,0,80.51,11,1,1,1,1,0,0,1,0
68000,0,92.46,7,2,0,0,1,1,0,0,0
67500,0,47.8,5,0,0,0,0,1,0,1,1
67000,0,46.07,7,0,0,0,0,1,0,0,1
67000,0,56.35,13,0,0,1,1,1,0,1,1
66000,1,40.39,4,0,0,0,1,1,1,1,1
66000,1,59.21,16,1,0,1,1,1,0,1,1
66000,0,51.69,7,1,1,1,1,0,0,1,1
66000,0,54.54,7,2,1,0,1,1,0,1,0
66000,1,32.96,7,0,0,0,1,1,0,1,1
66000,0,33.59,8,0,0,1,0,1,0,1,0
66000,1,55.06,14,0,1,1,0,1,0,1,1
66000,0,98.52,19,2,0,1,1,0,0,1,1
65800,0,76.75,7,0,1,1,1,1,0,1,1
65100,0,34.07,13,0,0,1,1,1,1,1,1
65000,1,36.55,13,0,0,1,1,0,0,1,0
65000,0,18.17,1,0,0,0,0,1,0,1,0
65000,0,23.36,2,0,0,0,1,1,0,0,1
65000,1,38.54,13,1,1,1,1,1,1,1,1
65000,1,20,4,0,0,0,0,1,0,1,1
65000,0,16,5,0,0,0,1,1,0,1,1
65000,0,44.31,14,0,1,1,1,1,1,1,1
65000,0,46.22,12,0,1,0,1,1,0,1,1
65000,0,80.26,4,0,0,0,0,1,0,1,1
65000,1,25.52,5,0,0,0,1,1,1,1,0
65000,0,40.89,4,0,0,0,0,1,1,1,0
65000,1,26.67,3,0,0,0,1,1,0,1,1
65000,1,34.36,4,0,0,0,1,1,0,1,1
65000,1,40.32,17,1,1,1,1,1,0,1,1
65000,0,42.51,5,0,0,0,1,1,0,1,1
65000,0,20.18,5,0,0,0,1,1,1,1,1
65000,1,51.75,4,0,0,0,1,0,1,1,1
65000,0,63.98,14,0,0,1,1,1,0,0,0
65000,0,30.04,1,0,0,0,1,1,0,0,0
65000,1,28.76,5,0,0,0,0,1,0,1,1
65000,1,38.96,3,0,0,0,1,1,0,1,1
65000,1,49.06,7,0,0,0,0,1,0,1,1
65000,0,28.93,7,0,0,0,1,0,0,1,1
65000,0,42.33,7,0,0,0,0,0,0,0,1
65000,1,48.27,12,0,0,0,1,1,0,1,1
65000,1,35.13,12,0,1,0,0,1,1,1,1
65000,1,49.01,11,0,1,0,1,1,0,1,1
65000,0,56.86,14,0,0,1,1,1,0,1,1
65000,1,37.43,16,1,0,1,1,1,0,1,1
65000,1,52.92,12,0,0,0,1,1,1,1,1
65000,0,68.24,14,0,0,1,1,1,0,1,1
65000,1,25.69,12,0,0,1,1,1,0,1,1
65000,1,32.5,11,0,0,1,1,1,1,1,1
65000,0,53.56,14,0,1,0,1,1,1,0,0
65000,1,61.08,12,0,0,1,1,1,0,1,1
64000,0,56.86,14,0,0,1,1,1,0,1,1
64000,0,2,14,0,0,0,1,1,0,1,1
64000,0,75.26,14,0,0,1,1,1,1,1,1
63888,0,30.02,10,0,1,1,0,1,0,1,0
63500,1,44.09,12,0,1,0,1,1,1,1,1
63500,0,49.81,10,1,0,1,1,1,0,1,1
63000,1,44.57,8,1,0,0,1,1,0,1,1
63000,1,41.73,15,1,1,1,1,1,1,1,1
63000,0,64.12,22,1,1,1,1,1,0,1,1
63000,0,50.53,23,0,0,1,1,1,1,1,0
63000,1,71.9,15,1,0,1,1,1,0,1,1
62500,1,40.11,12,0,0,1,1,1,0,1,1
62000,1,56.36,7,1,0,0,1,1,0,1,1
62000,0,32.16,4,0,0,0,0,0,1,1,0
62000,0,42.87,7,0,0,0,1,1,0,1,1
62000,1,52.21,14,1,1,1,0,1,0,1,1
61000,1,34.35,14,0,1,1,1,1,1,1,1
60000,0,53.68,8,2,1,0,1,0,1,1,1
60000,0,74.53,5,2,0,0,0,1,1,0,1
60000,0,25.71,2,0,0,0,1,1,0,1,1
60000,0,51.84,8,0,0,0,1,1,0,1,1
60000,1,29.19,4,0,0,0,0,1,0,1,1
60000,0,25.53,11,0,0,1,1,1,1,1,1
60000,1,42.99,15,0,1,1,1,1,0,1,1
60000,0,66.94,5,0,0,0,1,0,0,1,1
60000,0,6.05,10,0,1,0,1,1,0,1,0
60000,0,18.75,1,0,0,0,1,1,1,1,1
60000,1,29.61,12,0,1,1,0,1,0,1,1
60000,0,22.06,9,0,0,0,1,1,1,1,1
60000,0,60.61,7,1,0,0,0,1,1,1,1
60000,0,50.19,14,0,1,1,0,1,0,0,1
60000,0,23.83,5,0,0,0,0,0,1,1,1
60000,0,49.42,9,1,0,1,1,1,0,0,0
60000,1,23.2,2,0,0,0,0,1,1,1,1
60000,0,67.28,19,1,1,1,1,1,0,1,1
60000,0,30.16,13,0,0,0,0,0,0,1,1
60000,0,77.35,14,1,1,1,0,1,0,1,1
60000,0,41.83,5,0,0,0,0,1,0,1,1
60000,1,44,4,0,0,0,0,1,0,0,1
60000,0,29.55,4,0,0,0,1,1,0,0,1
60000,1,24.81,10,0,0,1,0,1,0,1,1
60000,0,49.31,7,0,0,0,1,1,1,1,0
60000,1,31.63,6,0,0,0,0,0,0,1,1
60000,1,41.99,7,0,1,0,0,1,0,1,0
60000,0,35.51,12,0,0,1,0,1,0,1,0
60000,1,43.46,5,0,0,0,1,1,1,1,1
60000,1,64.67,16,1,0,1,1,1,1,1,1
60000,0,50.18,14,0,1,1,0,1,0,0,1
60000,0,21.67,13,0,0,1,1,0,0,1,1
60000,1,18.11,14,0,0,1,1,1,0,1,1
60000,0,69.45,14,0,0,1,1,1,1,1,1
60000,0,56.85,14,0,0,1,1,1,0,1,1
60000,0,42.43,7,0,1,0,0,1,0,1,0
60000,0,37.8,7,0,1,1,0,0,0,0,1
60000,0,38.12,12,0,1,1,1,1,0,1,1
60000,1,18.85,10,1,0,1,1,1,0,1,1
60000,1,39.91,14,1,0,1,1,1,0,1,0
60000,1,31.97,7,1,1,1,1,1,0,1,0
60000,1,40.07,15,0,0,1,1,0,0,1,1
60000,0,75.26,12,1,1,1,1,1,0,1,0
60000,0,67.15,13,2,0,1,1,1,0,1,1
60000,0,111.38,9,2,0,1,1,0,0,1,1
59000,0,38.37,9,1,0,1,1,1,0,0,1
59000,1,28.34,7,0,0,0,1,0,0,1,1
59000,1,30.02,14,0,0,0,1,0,0,1,1
59000,1,17.89,7,0,0,0,1,1,0,1,1
59000,0,53.29,14,1,0,1,0,1,1,1,1
59000,0,66.53,14,0,0,1,1,1,0,1,1
59000,0,64.3,7,1,0,1,1,1,0,0,1
59000,0,53.35,8,0,1,1,1,1,0,1,1
59000,0,77.72,10,0,0,1,1,1,1,1,1
58888,1,47.06,12,0,0,1,0,1,0,1,1
58800,0,22.36,3,0,0,0,0,0,0,1,1
58800,0,101.07,9,2,0,0,1,0,0,0,0
58500,0,52.1,11,1,1,1,1,1,1,0,1
58000,0,51.89,13,1,0,1,1,1,0,1,1
58000,1,47.16,7,0,0,0,1,0,0,1,1
58000,0,62.74,7,0,0,0,0,1,0,0,0
58000,1,40.42,9,0,0,1,1,1,1,1,1
58000,0,52.05,15,1,0,1,1,1,0,1,1
58000,1,36.53,4,0,0,0,0,1,0,1,1
58000,1,19.38,7,0,0,0,1,1,0,1,0
58000,1,56.61,5,0,0,0,1,1,0,1,1
58000,0,30.3,14,0,1,1,1,1,0,1,1
58000,0,47.43,6,0,0,0,0,1,1,0,0
58000,0,47.5,6,1,0,0,1,0,0,1,1
58000,1,28.21,15,0,1,1,1,1,1,1,0
58000,1,29.61,12,0,1,1,0,1,1,1,1
58000,1,46.06,9,0,0,0,1,1,1,1,1
58000,1,47.45,7,0,0,0,1,1,1,1,1
58000,1,29.31,15,0,0,1,0,1,0,1,1
58000,1,32.69,9,0,0,1,1,1,0,1,0
58000,1,47.58,12,0,0,1,1,1,0,1,1
58000,1,36.24,12,0,0,1,1,1,0,1,1
57600,1,48.05,11,0,0,0,1,1,1,1,1
57000,0,68.54,7,1,1,1,0,1,0,1,0
57000,1,53.44,9,0,1,0,1,1,0,1,0
57000,0,48.13,10,0,1,1,0,1,0,0,1
57000,0,48.13,10,0,1,1,0,1,0,0,1
57000,0,52.03,14,0,0,1,1,1,0,1,1
57000,0,67.64,14,0,0,1,1,1,0,1,1
56888,1,49.91,14,0,0,1,1,1,0,1,1
56760,1,34.73,5,0,0,0,0,1,0,1,1
56000,1,20.08,5,0,0,0,0,0,0,1,0
56000,0,25.77,18,0,1,1,1,1,0,1,0
56000,0,25.55,4,0,0,0,1,0,0,0,1
56000,1,44.18,5,0,0,0,1,1,1,1,1
56000,1,33.18,4,0,0,0,0,1,0,1,1
56000,1,42.32,7,0,0,0,1,1,0,1,0
56000,1,42.65,7,0,1,0,0,1,0,1,0
56000,1,46.79,12,0,0,0,1,1,0,1,1
56000,0,52.03,14,0,0,1,1,1,0,1,1
56000,0,67.64,14,0,0,1,1,1,0,1,1
56000,0,46.98,18,1,1,1,1,0,0,1,1
55000,1,24.51,4,0,0,0,0,1,0,1,1
55000,0,47.1,3,0,0,0,1,0,0,1,1
55000,0,35.38,14,0,1,1,1,1,0,1,1
55000,0,30.92,17,0,0,1,1,1,0,1,0
55000,1,27.16,10,0,1,1,1,0,0,1,1
55000,0,25,12,0,0,1,0,1,0,1,1
55000,0,41.73,13,1,1,1,1,1,1,1,0
55000,0,31.08,3,0,0,0,0,1,0,1,1
55000,0,39.16,16,0,0,0,1,1,1,1,1
55000,0,36.6,4,0,0,0,1,1,0,1,1
55000,0,38.12,13,0,0,1,1,1,0,0,1
55000,0,34.73,13,0,0,1,1,1,0,0,1
55000,0,29.09,5,0,0,0,0,1,0,1,1
55000,0,50.28,7,1,0,0,0,0,0,0,1
55000,1,27.65,19,0,1,1,1,0,0,1,1
55000,0,53.47,5,0,1,0,0,0,0,1,1
55000,0,41.27,7,0,0,0,0,1,0,0,1
55000,1,50.35,9,0,1,1,1,1,0,1,1
55000,1,41.17,7,0,0,0,1,1,0,1,1
55000,1,25.43,12,0,1,1,1,1,1,1,1
55000,1,20.98,7,0,0,0,0,1,1,1,1
55000,1,17.85,15,0,0,1,0,1,1,1,1
55000,1,52.83,12,0,1,1,1,1,1,1,1
55000,0,65.96,7,0,0,0,0,1,0,1,1
55000,1,40.6,14,0,1,1,1,1,0,1,1
55000,0,34.55,8,0,1,0,1,1,1,1,0
55000,1,36.39,17,0,1,1,1,0,0,1,1
55000,0,28.89,17,0,1,1,1,1,0,1,1
55000,0,34.77,14,1,0,1,1,1,1,1,1
55000,1,45.16,12,0,1,0,1,1,0,1,1
55000,1,31.06,9,0,0,1,1,1,0,1,0
55000,1,40,11,0,1,0,1,1,0,1,1
55000,1,28.52,10,1,0,1,1,1,0,1,1
55000,1,27.82,19,0,0,1,1,1,0,1,1
55000,1,30.72,15,0,0,1,1,1,0,1,1
55000,1,48.02,14,0,0,1,0,1,0,1,0
55000,1,36.56,10,0,1,0,1,1,0,1,1
55000,0,74.23,5,1,0,1,1,0,0,0,1
55000,0,82.2,9,1,0,1,1,0,0,1,0
54000,0,30.52,17,0,0,1,1,1,0,1,0
54000,0,59.58,5,0,0,0,1,0,0,1,0
54000,0,59.58,5,0,0,0,0,0,0,1,0
53800,1,41.92,15,0,0,1,1,1,1,1,1
53500,0,46.6,14,1,1,1,1,1,0,1,1
53000,1,23.82,4,0,0,0,0,1,0,1,1
53000,1,63.89,13,1,0,1,1,0,0,1,0
53000,0,62.68,6,0,0,0,1,1,0,0,0
53000,0,27.07,4,0,0,0,1,1,0,1,0
53000,1,42.46,7,0,0,0,1,1,1,1,1
53000,1,52.08,8,0,0,0,1,1,0,1,1
53000,0,59.79,13,0,0,1,0,1,0,1,1
52800,0,56.91,6,1,0,0,1,1,0,1,0
52000,0,31,5,0,0,0,0,1,0,1,1
52000,1,14.78,8,0,0,0,0,1,0,1,0
52000,0,39.63,8,0,0,0,1,1,1,1,0
52000,1,39.24,5,0,0,0,1,0,0,1,1
52000,0,38.88,11,1,0,1,1,1,0,1,0
52000,0,26.49,4,0,0,0,1,1,0,1,0
52000,0,22.94,4,0,0,0,0,1,0,1,1
52000,1,42.18,5,0,0,0,1,1,0,1,1
52000,0,33.15,15,0,1,0,1,1,0,1,1
52000,0,56.85,14,0,0,1,1,1,0,1,1
52000,1,44.08,12,0,0,1,1,1,0,1,1
52000,1,36.66,14,0,0,1,1,1,0,1,1
52000,0,58.04,5,1,1,1,0,1,1,0,0
52000,0,57.98,13,0,0,1,0,1,0,1,1
52000,0,47.87,15,1,0,1,1,1,1,1,0
52000,0,49.53,12,0,0,1,1,0,0,1,1
50000,0,20.92,2,0,0,0,1,1,0,1,0
50000,1,27.51,5,0,0,0,1,1,0,1,1
50000,0,36.38,4,0,0,0,1,1,0,1,1
50000,1,42.65,7,0,0,0,1,1,0,1,1
50000,1,41.31,7,0,0,0,0,1,0,1,1
50000,1,37.83,12,0,0,1,1,1,1,1,0
50000,1,43.84,6,0,0,0,1,1,1,1,1
50000,0,33.9,5,0,0,0,0,1,0,1,1
50000,0,43.26,7,0,0,0,1,1,0,1,1
50000,0,43.26,7,0,0,0,1,1,0,1,1
50000,0,13.07,2,0,0,0,1,1,1,1,1
50000,0,21.39,5,0,0,0,1,0,0,0,1
50000,1,13.23,4,0,0,0,0,1,0,1,1
50000,1,31,4,0,0,0,0,1,1,1,1
50000,0,32.86,5,0,0,0,0,1,1,0,0
50000,0,62.29,14,0,0,1,0,1,0,1,1
50000,0,33.37,2,0,0,0,1,1,0,0,1
50000,0,102.9,14,0,0,1,1,1,0,0,0
50000,0,64.05,5,0,0,0,0,1,0,0,0
50000,1,17,4,0,0,0,1,1,0,0,1
50000,1,21.75,4,0,0,0,1,1,0,1,1
50000,0,43.12,5,0,0,0,0,1,0,1,1
50000,1,28.87,5,0,0,0,0,1,0,1,1
50000,1,26.48,11,0,0,1,1,1,0,1,1
50000,1,34.39,5,0,0,0,1,1,0,1,0
50000,1,28.84,9,0,1,1,0,1,1,1,0
50000,1,12.6,12,0,0,1,1,0,0,1,1
50000,1,18.56,6,0,0,0,0,1,0,1,1
50000,0,32.02,8,1,0,0,1,1,1,1,1
50000,1,29.12,7,0,0,0,1,1,1,1,1
50000,1,27.66,12,0,0,1,0,1,1,1,1
50000,0,44.59,3,1,0,0,1,1,0,1,1
50000,1,30.02,7,0,0,0,1,1,1,1,0
50000,1,27.73,27,0,0,1,1,1,0,1,1
50000,1,44.65,14,0,1,1,1,1,0,1,1
50000,0,28.93,15,0,1,1,1,1,0,1,0
50000,1,29.75,12,0,0,1,1,1,0,1,1
50000,1,43.8,14,0,0,1,1,1,0,1,1
50000,1,38.21,12,1,0,1,1,0,0,1,1
50000,0,47.14,9,1,0,0,1,1,1,1,1
50000,1,43.3,18,0,0,1,1,1,0,1,1
50000,0,39.95,9,1,1,1,1,1,0,1,0
50000,0,46.21,13,1,0,1,0,1,1,1,1
50000,0,38.59,12,1,0,1,1,0,0,1,1
50000,0,45.1,9,0,1,1,1,1,0,1,1
50000,0,62.57,13,1,1,1,0,1,1,1,1
49800,0,54.27,15,1,0,1,1,1,1,1,0
49600,1,27.72,27,0,0,1,1,1,1,1,1
49500,0,50.24,12,0,1,1,0,0,0,1,1
49500,1,34.63,14,0,1,1,1,1,0,1,1
49000,0,40.78,14,1,1,1,1,1,0,1,1
49000,1,60.52,7,0,0,0,1,0,0,1,1
49000,1,36.8,4,0,0,0,1,1,0,1,0
49000,1,20.13,7,0,0,1,1,1,0,1,1
49000,0,26.87,14,0,1,1,1,0,0,1,1
49000,1,19.58,7,0,0,0,1,1,0,1,1
49000,0,61.77,14,0,0,1,0,1,0,1,1
49000,0,61.77,14,0,0,1,0,1,0,1,1
49000,0,55.01,14,0,0,1,1,1,1,1,1
49000,1,20.12,7,0,0,0,1,1,0,1,1
49000,1,26.06,18,1,0,1,1,1,0,1,1
49000,0,40.35,15,0,0,1,1,1,0,1,0
49000,1,26.28,18,0,0,1,1,1,0,1,1
49000,0,49.68,14,0,0,0,1,1,0,1,1
48800,1,25.54,4,0,0,0,1,1,0,1,1
48500,0,32.49,5,0,0,0,1,1,0,1,1
48500,0,38.69,18,1,1,1,1,1,0,1,1
48000,0,52.59,7,0,1,0,1,0,0,1,1
48000,0,25.01,3,0,0,0,0,0,0,1,1
48000,0,38.93,15,1,1,1,1,1,0,1,0
48000,0,27,4,0,0,0,1,1,1,1,1
48000,0,26.27,4,0,0,0,1,1,0,1,0
48000,0,44.45,9,0,0,0,1,1,1,1,1
48000,0,24.76,5,0,0,0,1,1,0,1,0
48000,0,27.8,5,0,0,0,0,1,0,1,0
48000,1,38.35,7,1,0,0,0,1,0,1,1
48000,0,47.44,6,0,0,0,1,1,1,0,0
48000,0,14.94,4,0,0,0,1,0,0,1,1
48000,1,16.7,14,0,0,1,1,1,0,1,1
48000,0,55.73,5,1,0,0,0,1,0,1,0
48000,1,43.08,12,1,0,1,0,1,0,1,1
48000,1,20.08,12,0,0,0,0,1,0,1,1
48000,1,20.15,7,0,0,0,1,1,0,1,0
48000,1,17.9,11,0,0,1,1,1,0,1,1
48000,0,37.95,7,0,0,0,1,0,0,0,1
48000,1,33.39,12,0,0,1,1,1,0,1,0
48000,1,37.08,12,0,1,1,1,1,0,1,0
48000,1,31.45,12,0,1,0,1,1,0,1,1
48000,1,38.44,12,0,0,1,1,1,0,1,1
48000,1,33.43,12,0,0,1,0,1,1,1,1
48000,0,39.84,15,0,1,1,1,1,0,1,1
48000,1,28.96,7,1,0,1,1,1,0,1,1
48000,0,34.41,8,1,0,1,1,1,0,1,1
48000,0,57.67,24,1,0,1,1,1,1,1,1
48000,0,43.68,21,0,1,1,1,0,1,1,1
48000,1,22.96,14,0,0,1,1,1,0,1,1
48000,0,41.89,14,0,0,1,0,1,0,0,0
48000,1,31.06,11,0,0,1,1,1,1,1,0
48000,0,46.35,12,0,1,1,1,1,0,0,1
48000,0,31.84,5,1,0,1,1,0,0,1,1
48000,0,25.27,10,1,1,1,1,1,1,0,1
48000,1,28.73,9,1,0,0,1,1,0,1,1
48000,0,77.1,23,1,1,1,1,1,0,1,1
48000,1,22.63,15,0,0,1,1,1,1,1,1
47250,1,30,14,0,0,1,1,1,0,1,1
47000,1,41.21,11,0,1,0,1,1,0,1,1
46800,1,44.08,7,0,0,0,1,1,0,1,1
46500,0,15.3,2,0,0,0,0,1,0,0,1
46500,0,46.11,15,0,1,1,1,1,0,1,1
46200,1,30.69,15,0,0,1,0,0,0,1,1
46000,0,31.51,13,0,0,1,1,1,0,1,0
46000,1,26.3,19,0,1,1,0,1,0,1,1
46000,0,49.23,15,1,1,1,0,1,0,1,0
46000,0,25.77,2,0,0,0,1,1,0,0,0
46000,1,23.07,4,0,0,0,0,1,0,1,1
46000,0,45.94,7,0,0,0,1,1,0,0,0
46000,0,61.2,16,0,1,1,1,0,0,1,0
46000,0,18.52,8,0,0,1,0,1,0,1,0
46000,1,36.48,15,1,0,1,1,1,0,1,1
45000,0,31.85,5,0,0,0,1,1,0,1,0
45000,1,40.52,5,0,0,0,1,0,0,1,1
45000,1,27.51,4,0,0,0,1,0,0,1,0
45000,1,33.1,11,0,0,0,1,0,0,1,0
45000,0,26.85,4,0,0,0,0,1,0,1,1
45000,1,43.24,16,0,0,1,0,1,0,1,1
45000,1,14.75,19,0,1,1,1,1,1,1,1
45000,0,28.33,4,0,0,0,0,1,0,1,1
45000,0,41.8,7,0,0,1,1,0,0,0,0
45000,1,27.23,4,0,0,0,0,1,1,1,1
45000,0,27.73,13,1,0,1,1,1,1,0,1
45000,1,21.28,4,0,0,0,1,1,0,1,1
45000,1,23.52,7,0,0,0,0,1,1,1,1
45000,1,21.69,7,0,0,0,1,1,0,1,1
45000,0,36.38,4,0,0,0,1,1,0,1,1
45000,0,35.63,5,0,1,0,1,0,0,1,1
45000,0,32.87,15,0,0,1,0,1,1,1,1
45000,0,39.61,5,0,0,0,1,0,0,1,1
45000,0,35,2,0,0,0,1,1,0,0,0
45000,0,36.64,15,0,0,1,1,1,0,1,1
45000,1,77.86,6,0,0,0,0,1,1,1,1
45000,0,28.21,5,0,0,0,1,1,0,1,1
45000,0,29.48,13,1,1,1,1,1,0,1,0
45000,1,44.19,7,0,0,0,1,1,0,1,1
45000,1,21.84,15,0,1,0,1,1,0,1,1
45000,1,34.95,7,0,0,0,1,1,0,1,1
45000,0,31.21,12,1,1,1,0,1,0,1,1
45000,1,38.03,6,1,0,0,1,1,0,1,1
45000,1,38.42,14,0,0,1,1,1,0,1,1
45000,0,29.07,14,0,0,1,1,0,0,1,0
45000,1,19.51,11,0,1,1,1,1,0,1,1
45000,1,39.77,12,0,1,1,1,1,0,1,1
45000,1,32.45,13,0,1,1,1,1,0,1,1
45000,0,31.24,14,1,1,1,1,1,0,1,1
45000,1,31.47,12,0,1,0,1,1,0,1,1
45000,0,47.13,14,0,1,0,1,1,0,1,0
45000,1,43.29,12,0,0,0,1,1,1,1,1
45000,1,34.31,12,0,0,1,1,0,1,1,1
45000,0,71.39,13,1,1,1,0,0,0,1,0
45000,0,43,14,0,0,1,0,1,0,0,1
45000,0,41.55,15,1,0,1,0,1,1,0,0
45000,0,26.24,7,1,0,0,1,1,0,1,0
45000,1,52.22,7,0,0,1,0,1,0,1,1
45000,0,45.26,10,0,0,1,1,1,0,1,0
45000,0,41.36,15,1,0,1,1,1,0,1,1
45000,0,46.87,9,1,0,0,0,0,0,1,1
45000,0,48.37,12,1,1,1,1,1,1,1,1
45000,0,26.21,15,0,0,1,1,1,0,1,0
45000,0,48.18,15,1,0,1,0,1,0,1,1
45000,0,35.89,9,1,0,1,1,0,0,1,1
45000,1,29.04,14,0,0,1,1,0,0,1,1
45000,1,27.6,14,1,1,1,1,1,1,1,1
45000,1,35.16,15,0,0,1,1,1,0,1,1
45000,1,33.04,10,1,0,1,0,0,0,1,1
45000,0,37.17,5,1,0,1,1,0,0,1,1
45000,0,65.82,14,1,0,1,0,1,0,1,0
45000,0,65.28,14,1,0,1,0,1,0,1,0
45000,0,65.42,14,1,0,1,0,1,0,1,0
45000,0,42.69,11,1,1,1,1,1,0,1,0
44000,1,21.23,14,0,0,1,1,1,1,1,1
43800,1,20.81,12,0,0,1,1,1,0,1,1
43800,0,49.76,9,1,1,1,1,1,0,1,1
43800,0,29.66,7,0,1,1,1,1,0,0,1
43500,1,36.2,7,0,0,0,1,1,1,1,1
43000,0,22.16,5,0,0,0,1,1,0,1,1
43000,0,32.26,4,0,0,0,0,0,0,1,1
43000,0,47.01,6,1,0,0,0,0,0,1,1
43000,0,56.9,14,1,0,1,1,1,0,1,1
43000,1,13.75,5,0,0,0,1,0,0,1,1
43000,0,26.73,15,0,0,1,1,1,1,0,0
43000,0,33.18,11,0,1,0,1,1,0,1,1
43000,0,35.01,13,0,0,1,1,1,0,1,1
43000,0,33.3,13,0,0,1,1,1,0,1,1
43000,0,38.99,14,1,0,1,1,1,0,0,1
43000,0,22.66,12,0,0,1,1,1,1,1,1
43000,0,24.17,18,0,0,1,1,1,0,1,1
43000,0,18.42,8,2,1,0,0,0,0,1,1
43000,1,24.61,13,0,1,0,0,1,0,1,1
43000,1,25.65,9,0,0,0,1,1,0,1,1
43000,1,39.5,17,0,0,1,1,1,1,1,1
43000,1,21.07,10,0,1,0,1,1,0,1,1
43000,0,51.84,15,1,1,1,1,1,0,1,1
43000,0,39.77,15,2,0,1,1,1,1,0,0
42500,1,16.48,19,0,0,1,1,1,1,1,1
42000,0,55.5,5,0,0,0,1,1,0,0,1
42000,0,49.89,13,1,1,1,1,1,0,1,1
42000,1,12.93,8,0,0,0,1,1,1,1,1
42000,1,26.38,15,0,1,1,1,0,0,1,0
42000,1,25.96,7,0,0,0,1,1,0,0,0
42000,0,23.16,3,0,0,0,1,1,0,1,0
42000,0,33.21,5,0,0,0,1,0,0,1,1
42000,0,49.03,9,1,1,1,1,1,0,1,1
42000,0,28.16,4,0,0,0,1,1,1,1,0
42000,1,24.53,7,0,0,0,0,1,0,1,1
42000,1,23.16,7,0,0,0,0,1,0,1,1
42000,1,35.34,4,0,0,0,1,1,0,1,1
42000,0,53.85,5,0,0,0,1,1,0,1,1
42000,1,31.65,12,0,0,1,1,1,0,1,0
42000,0,56.59,7,0,0,0,1,0,0,0,1
42000,0,26.92,18,0,0,1,1,1,1,1,1
42000,0,37.39,8,0,1,1,1,1,1,1,1
42000,1,20.15,18,0,0,1,1,1,0,1,1
42000,1,24.92,14,0,1,1,1,1,0,1,1
42000,0,43.23,19,0,0,1,1,1,1,1,1
42000,0,60.09,14,1,0,1,0,1,0,1,0
42000,0,61.31,14,1,0,1,0,1,0,1,0
41500,0,27.22,10,0,0,1,1,0,0,1,1
41000,1,33.49,11,0,1,1,1,1,0,1,1
41000,0,49.4,14,0,0,1,0,1,0,1,1
41000,1,20.15,13,0,1,1,1,0,0,1,1
40700,0,37,7,0,0,1,1,0,0,0,0
40500,0,34.21,12,0,0,1,1,0,0,1,1
40000,0,16.41,2,0,0,0,1,1,1,1,0
40000,0,22.36,16,0,1,1,0,1,0,1,0
40000,1,10,5,0,0,0,1,1,0,1,1
40000,0,26.35,5,0,0,0,1,1,0,1,1
40000,0,24.33,5,0,0,0,1,1,0,1,1
40000,1,13.74,3,0,0,0,1,0,0,1,1
40000,0,62.11,7,1,0,1,1,0,0,0,1
40000,0,22.29,4,0,0,0,1,1,0,1,0
40000,1,28.99,5,0,0,0,1,1,0,1,1
40000,0,18.47,12,0,0,0,1,1,0,1,0
40000,0,29.46,13,0,1,1,1,1,0,1,1
40000,0,28.06,5,0,0,0,0,1,0,1,1
40000,1,37.14,3,0,0,0,1,0,0,1,1
40000,1,13.98,19,0,1,1,1,1,0,1,1
40000,0,36.62,5,0,0,0,0,0,0,1,1
40000,0,38.97,5,0,0,0,0,0,0,1,0
40000,0,44.46,7,0,0,0,0,1,0,0,0
40000,1,19.89,4,0,0,0,0,0,0,1,1
40000,1,16.59,9,0,0,0,1,0,0,1,0
40000,1,40.27,8,0,0,0,0,1,0,1,1
40000,0,31.73,5,0,0,0,0,0,0,1,0
40000,1,22.8,4,0,0,0,1,1,0,1,1
40000,0,19.02,4,0,0,0,0,1,0,1,1
40000,0,30.36,15,1,0,1,1,1,1,1,1
40000,1,12.5,7,0,0,0,1,1,0,1,1
40000,0,42.72,7,1,0,0,0,1,0,1,1
40000,1,47.02,12,1,0,1,1,1,0,1,1
40000,0,17.37,14,0,1,1,0,0,0,1,1
40000,1,16.64,13,0,0,1,1,0,0,1,0
40000,1,46.84,15,0,1,1,1,1,0,1,1
40000,1,25.79,12,0,0,1,0,1,0,1,1
40000,0,40,10,0,1,0,1,1,1,1,1
40000,0,37.41,22,1,0,1,1,1,0,1,1
40000,1,16.92,15,0,1,1,1,1,0,1,1
40000,0,42.02,29,1,0,1,1,1,0,1,1
40000,1,26.26,14,0,1,1,1,1,0,1,0
40000,1,18.15,14,0,0,1,1,1,0,1,1
40000,0,47.7,15,1,1,1,1,1,0,1,1
39900,0,49.82,5,0,0,0,1,1,0,0,1
39800,0,32.08,5,0,0,0,0,1,0,1,0
39500,1,15.7,8,0,0,1,1,1,0,1,1
39000,1,25.5,11,1,0,1,0,1,0,1,1
39000,0,34.87,5,1,1,0,1,1,0,0,1
39000,0,24.65,5,0,0,0,1,1,0,1,0
39000,0,52.82,14,0,0,1,0,1,0,1,1
39000,0,52.82,14,0,0,1,0,1,0,1,1
39000,0,45.31,14,0,0,1,1,1,0,1,1
39000,0,57.81,13,1,0,1,1,1,0,1,1
38500,0,17.57,4,0,0,0,1,0,0,1,1
38500,1,35.16,5,0,0,0,0,1,0,1,1
38500,0,38.17,10,0,1,1,1,1,0,1,1
38500,0,24.79,11,0,0,1,1,0,0,1,1
38000,1,24.26,4,0,0,0,1,0,0,0,0
38000,0,27.61,3,0,0,0,1,1,1,0,1
38000,0,23.52,4,0,0,0,0,1,0,0,1
38000,1,15.68,14,0,0,1,1,1,0,1,1
38000,1,43.53,2,0,1,0,0,0,0,1,1
38000,0,31.04,13,0,1,1,1,1,1,1,0
38000,1,31.25,3,0,0,0,0,1,0,1,1
38000,0,42.75,11,2,0,0,0,1,0,1,1
38000,1,24.01,6,0,0,0,1,0,0,1,1
38000,1,32.98,4,0,0,0,1,1,1,1,1
38000,0,35.15,5,0,0,0,0,0,0,1,1
38000,0,20.46,15,0,1,1,1,1,0,1,1
38000,1,22,7,1,0,0,0,1,0,1,1
38000,0,10.77,11,0,1,1,1,0,0,1,1
38000,0,22.93,4,0,0,0,1,1,0,1,1
38000,1,31.37,12,0,1,1,1,0,0,1,1
38000,0,23.07,5,0,0,0,0,1,0,0,0
38000,1,27.62,7,0,0,0,1,1,0,1,1
38000,0,21.1,7,0,1,0,0,1,0,0,0
38000,1,16.91,14,0,1,1,0,1,0,1,1
38000,1,33.45,14,0,0,0,0,1,0,1,1
38000,1,31.24,7,0,0,1,0,1,1,1,1
38000,1,34.52,12,0,1,1,1,1,0,1,1
38000,0,13.72,7,0,0,0,0,0,0,1,1
38000,0,25.91,5,1,0,0,1,1,0,1,1
38000,1,41.21,11,0,1,0,1,1,1,1,1
38000,1,13,14,0,0,1,1,1,0,1,1
38000,0,44.51,13,0,0,1,1,1,0,1,1
38000,0,20.19,11,1,0,1,0,0,1,1,1
38000,0,42.78,8,1,1,0,1,1,1,1,0
38000,0,41.67,14,0,1,1,1,1,1,1,0
38000,1,24.73,12,0,0,1,1,1,1,1,1
38000,0,45.28,7,0,0,0,1,1,0,0,0
38000,1,25.14,4,1,1,1,0,1,0,1,1
38000,0,34.59,9,1,0,1,1,1,0,0,1
38000,1,52.8,13,0,0,1,1,1,1,1,1
38000,0,39.81,14,1,0,1,0,0,0,0,1
37500,0,43.64,7,1,1,1,1,1,0,1,1
37000,0,27.04,11,0,1,1,1,0,0,1,1
37000,1,40.72,5,0,0,0,1,0,0,1,0
37000,1,18.28,4,0,0,0,0,1,0,1,1
37000,0,45.31,14,0,0,1,0,1,0,1,1
37000,0,45.31,14,0,0,1,1,1,0,1,1
37000,1,27.53,12,0,0,0,1,1,0,1,1
37000,0,23.84,12,0,1,1,1,1,1,1,0
37000,0,29.13,13,0,0,1,1,1,0,1,1
37000,0,45.67,13,1,0,1,1,1,0,1,1
36500,0,29.42,11,0,1,1,1,0,1,0,1
36000,0,46.67,10,0,0,1,1,1,0,1,1
36000,0,41.03,13,1,1,1,1,1,0,1,1
36000,1,17.91,7,0,0,0,0,1,0,1,1
36000,0,17.74,18,0,0,0,1,1,0,1,1
36000,1,15,10,0,0,0,1,1,1,1,1
36000,0,31.81,5,0,0,0,1,1,0,1,1
36000,0,21.56,4,0,0,0,1,1,0,1,0
36000,0,26.91,6,0,1,0,1,1,0,1,1
36000,0,39.04,25,1,1,1,1,1,0,1,1
36000,0,38.76,10,0,0,1,1,0,0,1,1
36000,0,43.74,5,0,0,0,1,1,0,0,0
36000,0,37.82,7,0,0,0,1,1,0,1,0
36000,1,40.32,12,0,0,0,1,1,1,1,1
36000,0,15.4,21,0,1,1,1,0,0,1,1
36000,1,35,7,0,0,0,1,1,0,1,1
36000,0,19.53,14,0,0,1,0,1,0,1,1
36000,1,30.17,12,0,0,1,1,1,0,1,1
36000,0,43.72,5,0,0,0,0,1,0,0,0
36000,1,16.62,7,1,1,0,1,0,0,1,1
36000,0,22.19,8,1,1,1,1,1,1,1,1
36000,0,29.35,7,0,1,1,1,1,0,1,1
36000,1,20.5,21,0,0,1,1,1,1,1,1
36000,0,30.93,9,1,0,1,1,0,0,0,1
36000,0,21.62,9,0,1,1,1,1,0,0,1
36000,0,30.94,13,0,0,1,0,1,1,1,1
36000,0,28.61,14,0,0,0,1,1,0,1,1
35000,0,26.75,2,0,0,0,0,1,1,1,1
35000,1,32.43,5,0,0,0,1,1,0,1,1
35000,0,21.72,4,0,0,0,1,1,0,1,1
35000,1,29.24,5,0,0,0,1,1,0,1,1
35000,1,14.89,14,0,1,1,0,1,0,1,1
35000,0,41.05,9,0,0,0,1,1,0,0,0
35000,1,6,22,0,0,1,1,1,0,1,1
35000,0,11.89,4,0,0,0,1,1,0,1,0
35000,0,37.44,5,0,0,0,0,1,0,1,1
35000,1,17.71,4,0,0,0,0,1,1,1,1
35000,0,22.49,14,0,0,1,0,1,1,1,1
35000,1,25.52,5,0,0,0,1,1,1,1,0
35000,0,17.16,7,0,0,0,1,1,1,1,1
35000,1,36.16,4,0,0,0,1,1,1,1,0
35000,0,41.38,5,1,0,1,1,1,0,0,1
35000,1,30.86,12,0,0,1,1,1,0,1,1
35000,1,32.5,12,0,0,0,1,1,0,1,1
35000,0,25.14,5,0,0,0,1,1,0,1,0
35000,1,43.59,12,0,0,0,1,1,1,1,1
35000,1,21.69,15,0,0,0,0,1,0,1,1
35000,0,31.08,3,0,0,0,0,0,0,1,1
35000,0,20.96,3,0,0,0,1,1,1,1,1
35000,1,30.54,3,0,0,0,0,1,0,1,1
35000,1,22.15,4,0,0,0,0,1,0,1,1
35000,1,26.34,4,0,0,0,1,1,0,1,1
35000,0,28.53,4,0,0,0,0,1,0,1,1
35000,1,19.42,13,0,1,1,1,0,0,1,1
35000,0,17.55,2,0,0,0,1,1,0,0,0
35000,0,19.18,6,0,0,0,1,0,0,0,1
35000,1,15.29,11,0,1,1,1,1,0,1,0
35000,0,10.66,2,0,0,0,0,1,0,1,1
35000,1,15.28,11,0,0,1,1,1,0,1,1
35000,1,32.16,7,0,1,0,1,1,1,1,1
35000,0,36.86,5,0,0,0,1,1,0,0,0
35000,1,24,7,0,0,0,1,1,0,1,0
35000,1,33.5,5,0,0,0,0,1,0,1,0
35000,0,24.25,10,0,0,0,0,1,0,1,0
35000,1,24.57,7,0,0,0,0,1,0,1,1
35000,1,24.57,7,0,0,0,0,1,0,1,1
35000,0,15.28,7,1,0,0,0,0,0,1,1
35000,1,17.09,14,0,0,1,0,1,1,1,0
35000,0,16.46,12,0,1,1,1,0,0,1,1
35000,1,22.27,14,0,0,1,0,1,0,1,1
35000,0,25.05,12,0,0,1,1,1,0,1,0
35000,1,14.62,16,0,0,1,1,1,1,1,1
35000,1,26.02,8,0,0,1,1,0,0,1,1
35000,0,19.11,22,0,0,1,1,1,1,1,1
35000,1,32.89,7,0,0,0,1,1,0,1,1
35000,1,14.9,19,0,1,1,1,1,1,1,1
35000,0,44.2,7,1,0,0,1,0,0,0,1
35000,0,25.2,9,0,0,0,1,1,0,1,1
35000,0,32.38,13,0,0,1,1,1,0,1,1
35000,1,16.93,12,0,0,1,1,1,0,1,1
35000,0,23.82,12,1,0,1,1,1,0,1,1
35000,0,24.43,12,1,0,1,1,1,0,1,1
35000,0,33.77,9,0,1,1,0,1,0,1,0
35000,0,35.52,15,1,1,1,1,0,0,1,0
35000,0,24.46,9,0,1,1,1,1,0,1,1
35000,0,42.63,7,1,0,1,1,0,0,1,1
35000,0,23.9,11,0,1,1,0,1,1,0,1
35000,1,27.04,9,1,1,0,0,1,1,1,1
35000,0,40.56,9,1,0,0,1,0,0,1,1
35000,0,28.13,7,0,0,0,1,0,0,0,1
34600,0,20.46,15,0,1,1,0,1,0,0,1
34000,0,35.44,13,1,1,1,1,1,0,1,1
34000,0,22.16,2,0,0,0,1,1,0,1,1
34000,1,31.92,4,0,0,0,0,1,0,1,1
34000,1,14.57,18,0,1,1,1,1,0,1,1
34000,1,26.78,9,0,0,1,1,1,0,1,1
34000,0,37.72,9,1,0,0,1,0,0,1,1
33900,1,31.89,8,0,1,1,1,1,0,1,1
33500,0,35.61,12,0,0,1,1,1,0,1,1
33500,1,17.14,9,0,1,1,1,0,0,1,1
33500,1,24,15,1,1,1,1,1,1,1,1
33000,1,32.66,7,0,0,1,1,0,1,1,1
33000,0,20,5,0,0,0,1,1,0,0,1
33000,1,17.85,12,0,0,1,1,1,0,1,1
33000,0,21.85,2,0,0,0,0,0,0,0,1
33000,1,10.2,8,0,0,0,1,1,0,1,1
33000,1,10.12,8,0,0,0,1,1,0,1,1
33000,0,18.72,18,0,0,1,1,0,0,1,1
33000,0,46.56,4,0,0,0,1,1,0,1,1
33000,1,25.16,4,0,0,0,1,1,0,1,1
33000,1,17.52,12,0,0,1,1,1,1,1,1
33000,0,16.83,15,0,0,1,1,1,1,1,1
33000,0,25.72,13,0,1,1,0,1,0,1,0
33000,1,23.89,12,0,0,1,1,1,0,1,1
33000,0,26.05,8,1,1,0,1,0,1,1,1
33000,1,18.15,14,0,0,1,1,1,0,1,1
33000,1,22.21,10,1,1,0,1,1,0,1,1
32000,1,15,14,0,0,1,1,1,0,1,1
32000,0,39.23,5,0,0,0,1,1,0,1,1
32000,0,34.79,4,0,0,0,1,1,0,1,1
32000,0,39.39,21,1,0,1,1,1,0,1,1
32000,1,18.96,4,1,0,0,1,1,0,1,0
32000,0,26.6,4,0,0,0,1,1,1,1,0
32000,0,22.11,5,1,0,0,0,0,0,1,1
32000,0,39.21,5,0,0,0,1,1,0,0,0
32000,0,34.49,5,0,0,0,1,1,1,1,0
32000,1,33.24,3,0,0,0,0,1,0,1,1
32000,0,29.76,11,0,1,1,0,0,0,1,1
32000,1,18.17,5,0,0,0,1,1,0,1,0
32000,1,20,7,0,1,1,1,1,1,1,0
32000,1,32.76,14,0,0,0,1,1,0,1,1
32000,0,21.77,10,0,0,0,1,1,0,1,1
32000,1,25.31,14,0,1,1,0,1,1,1,1
32000,1,14.38,18,0,1,1,1,1,1,1,1
32000,1,15.11,18,0,1,1,1,1,1,1,1
32000,1,16.07,15,0,1,1,1,1,0,1,1
32000,0,26.28,15,0,0,1,1,1,0,1,1
32000,0,26.2,14,0,0,1,1,1,0,0,1
32000,1,9.9,12,0,1,1,1,1,0,1,0
32000,0,36.09,14,1,1,1,1,0,0,1,0
32000,1,13.15,7,1,0,0,1,1,0,1,1
32000,0,29.9,14,0,1,1,0,1,1,1,0
32000,1,32.11,8,1,0,0,1,1,1,1,1
32000,1,32.61,8,1,0,0,1,1,1,1,1
31603,1,23.65,13,0,1,1,1,1,1,1,1
31000,1,28.02,4,0,0,0,1,1,0,1,1
31000,0,23.81,24,0,0,1,1,1,1,1,1
30000,1,26.76,4,0,0,0,0,1,0,1,1
30000,1,18.35,5,0,0,0,1,1,0,1,1
30000,0,35.02,5,0,0,0,1,1,0,1,1
30000,0,23.55,3,0,0,0,1,0,0,1,1
30000,0,19.88,14,0,0,0,1,1,0,1,0
30000,0,8.86,6,1,1,0,0,0,0,0,1
30000,0,28.54,5,0,0,0,0,1,1,1,1
30000,1,16.73,18,0,0,1,1,1,0,1,1
30000,0,31.24,5,1,0,1,1,1,0,1,1
30000,0,32.58,5,0,1,0,1,1,0,1,1
30000,1,22.46,5,0,0,0,0,1,1,1,1
30000,0,19.9,26,0,0,1,1,1,0,1,1
30000,0,33.41,5,0,0,0,1,1,0,1,0
30000,1,28,11,0,1,1,0,1,0,1,1
30000,0,9.7,5,0,0,0,1,1,1,0,0
30000,1,22.5,4,0,0,0,0,1,0,1,1
30000,1,21.94,4,0,0,0,0,1,1,1,1
30000,1,7.79,9,0,0,0,1,1,1,1,1
30000,1,17.29,14,1,0,1,1,1,0,1,1
30000,0,17.35,4,0,0,0,0,1,0,1,1
30000,0,32.24,5,0,0,0,1,1,0,1,1
30000,0,32.39,5,0,0,0,1,1,0,1,1
30000,0,29.93,5,0,0,0,0,1,0,1,1
30000,0,24.19,5,0,0,0,0,1,0,1,1
30000,1,30.33,4,0,0,0,1,1,1,1,1
30000,0,24.18,4,0,0,0,1,1,0,0,0
30000,0,27,5,1,0,0,1,0,0,1,1
30000,1,13.55,12,0,0,1,1,1,1,1,1
30000,0,23.99,10,0,0,0,1,1,0,1,0
30000,0,35.03,4,0,0,0,0,0,0,1,1
30000,1,21.72,5,1,0,0,1,0,0,1,1
30000,1,15.64,14,0,0,1,1,1,0,1,1
30000,0,35.67,13,0,1,1,0,0,0,1,0
30000,1,14.69,14,0,1,1,1,1,0,1,1
30000,1,13.36,6,0,1,1,1,1,0,1,1
30000,1,16.54,14,0,0,1,1,1,1,1,1
30000,0,18.98,22,0,0,1,0,1,1,1,1
30000,0,19.79,7,0,1,0,1,1,0,0,0
30000,0,36.82,9,0,0,0,0,0,0,1,1
30000,0,41.75,10,1,1,1,1,0,0,1,1
30000,1,14.02,15,0,0,1,1,1,1,1,0
30000,1,14.02,15,0,0,1,1,1,1,1,0
30000,1,19.14,14,0,0,1,1,1,0,1,1
30000,1,8.74,14,0,0,1,1,1,0,1,1
30000,1,16.04,7,1,0,0,1,1,0,1,1
30000,1,21.62,14,1,0,1,0,1,1,1,1
30000,0,33.99,10,1,0,1,0,1,0,0,1
30000,1,27.74,13,0,0,0,1,1,0,1,1
30000,0,29.72,5,1,0,0,1,1,0,1,1
30000,0,30.8,10,0,1,0,1,1,1,1,1
30000,1,23.29,15,0,0,1,1,1,0,1,1
30000,0,22.55,10,0,1,1,1,1,0,0,1
30000,0,33,5,1,0,1,0,0,0,1,1
29800,1,16.3,10,0,1,1,1,1,0,1,1
29800,0,35.98,13,1,0,0,1,1,0,1,1
29000,1,12.47,4,0,0,0,1,1,0,1,1
29000,0,9.48,8,0,0,1,0,0,0,1,1
29000,1,13.2,12,0,0,1,1,1,1,1,1
29000,0,26.74,8,0,0,1,1,1,1,1,1
29000,0,22.27,14,0,1,1,0,1,0,1,1
29000,1,21.26,11,1,0,1,1,1,0,1,1
28800,0,35.43,13,1,0,1,1,1,0,1,1
28500,1,28.66,8,0,0,0,1,1,0,1,1
28500,1,12.85,12,0,0,1,1,1,1,1,1
28000,1,14.43,12,0,0,1,1,1,0,1,1
28000,1,11.96,14,0,0,1,1,1,1,1,1
28000,1,12.09,5,0,0,0,1,1,1,1,1
28000,1,14.74,5,0,0,0,1,1,0,1,1
28000,1,16.72,18,0,0,1,1,1,0,1,1
28000,0,30.77,5,0,0,0,1,1,0,1,0
28000,0,29.56,5,0,0,0,0,1,0,1,0
28000,0,27.45,5,0,1,1,1,0,0,1,1
28000,1,13.41,10,0,1,1,1,1,0,1,1
28000,1,13.53,3,0,0,0,1,0,0,1,1
28000,0,10.56,8,0,0,1,1,1,0,1,1
28000,1,12.84,11,0,0,1,1,1,1,1,1
28000,1,13.69,15,0,0,1,1,1,1,1,1
28000,0,27.42,5,0,0,0,1,0,0,1,0
28000,0,18.43,2,0,0,0,0,1,0,1,1
28000,0,15,5,0,0,0,1,1,0,1,1
28000,0,23.89,6,0,0,0,0,1,1,1,0
28000,0,36.89,4,0,0,0,0,1,0,1,1
28000,0,30.88,5,0,0,0,0,1,0,1,1
28000,0,25.37,5,0,0,1,1,0,0,0,0
28000,1,9.58,13,0,1,1,1,1,1,1,0
28000,0,20.8,9,0,0,0,1,1,1,1,1
28000,0,20.21,10,1,0,1,0,1,1,1,1
28000,0,24.6,7,1,0,0,1,1,0,1,0
28000,1,19.46,11,0,0,1,0,0,0,0,1
27500,0,32.49,5,0,0,0,0,0,0,1,1
27500,1,16.04,14,0,1,1,1,1,1,1,1
27000,0,27.03,19,1,0,1,1,1,0,1,1
27000,1,10.6,16,0,0,1,1,0,0,1,1
27000,0,19.25,12,0,0,0,1,1,0,1,0
27000,0,35.03,4,0,0,0,0,0,0,1,1
27000,0,35.03,4,0,0,0,0,0,0,1,1
27000,0,25.71,8,0,0,0,0,1,0,0,0
27000,1,9.23,5,0,0,0,1,1,0,1,1
27000,0,20.96,24,0,0,1,1,0,1,1,1
27000,1,15.26,9,0,0,0,0,1,0,1,1
27000,1,16.55,9,1,0,1,1,1,0,1,1
26800,0,30.76,4,0,0,0,1,1,0,1,1
26500,1,14.47,5,0,0,0,0,1,0,1,1
26500,0,12.47,15,0,1,1,1,1,1,1,1
26000,1,11.4,4,0,0,0,1,1,0,1,0
26000,0,34.67,4,0,0,0,1,1,0,1,1
26000,1,25.39,4,0,0,0,1,1,0,1,0
26000,1,10.61,12,0,0,0,1,1,0,1,1
26000,1,15.4,9,0,0,1,1,1,0,1,1
26000,1,15.39,14,0,1,1,1,1,0,1,1
26000,0,35.08,10,0,0,1,0,0,0,1,0
26000,0,23.84,6,1,1,0,1,0,0,1,1
26000,1,15.26,9,0,0,0,0,1,0,1,1
25500,1,12.88,10,0,0,1,1,1,0,1,1
25000,0,24.94,11,1,1,1,1,0,0,1,1
25000,1,24.31,4,0,0,0,1,1,0,0,1
25000,1,25.97,4,0,0,0,1,0,0,1,1
25000,0,24.64,5,0,0,0,1,1,0,1,1
25000,0,23.55,3,0,0,0,1,0,0,1,1
25000,0,27.54,5,0,0,0,0,0,0,1,1
25000,0,23.55,3,0,0,0,1,0,0,1,1
25000,0,29.99,11,1,0,0,0,0,0,1,0
25000,1,6,22,0,0,1,1,1,0,1,1
25000,0,22.1,13,0,1,1,0,1,0,1,0
25000,1,21.79,4,0,0,0,1,1,0,1,1
25000,0,37.3,5,0,0,0,1,1,0,1,0
25000,1,24.97,4,0,0,0,1,1,0,1,0
25000,0,29.08,5,0,0,0,1,1,0,0,1
25000,0,31.38,4,0,0,0,1,0,0,0,0
25000,1,13.64,9,1,0,1,1,0,0,1,1
25000,1,11,7,0,0,0,1,1,1,1,1
25000,0,11.69,7,0,1,1,1,1,0,1,0
25000,0,14.51,13,0,1,1,1,1,0,1,1
25000,0,27.98,5,0,0,0,1,1,0,0,1
25000,0,23.02,4,0,0,0,0,1,0,1,1
25000,1,22.45,4,0,0,0,1,1,0,1,1
25000,0,23.54,4,0,0,0,0,0,0,1,1
25000,0,31.99,2,0,0,0,1,0,0,1,1
25000,1,14,5,0,0,0,1,1,0,1,1
25000,1,14,5,0,0,0,1,1,0,1,0
25000,0,21.07,11,0,0,1,1,1,1,1,1
25000,0,28.3,4,0,0,0,1,1,0,1,0
25000,1,27.99,12,0,0,1,1,1,0,1,1
25000,1,12.3,12,0,0,1,0,1,0,1,1
25000,0,18.68,11,0,0,1,1,1,1,1,1
25000,0,7.94,9,0,1,0,1,1,0,1,0
25000,0,15.05,18,0,0,1,1,1,1,1,1
25000,1,13.45,16,0,0,1,1,1,1,1,1
25000,1,8.28,7,0,1,0,1,0,0,1,1
25000,0,9.26,14,0,0,1,1,0,1,1,1
25000,0,24.05,9,0,1,1,1,0,0,1,0
25000,1,13.09,19,0,1,1,1,1,0,1,1
25000,0,28.74,9,1,0,1,1,1,0,1,1
25000,1,12.35,13,0,1,1,1,0,0,1,1
25000,0,22.8,7,0,0,0,1,0,0,1,1
25000,0,68.43,16,0,0,1,0,1,0,1,1
25000,0,28.63,12,1,1,1,1,1,0,1,0
24500,1,15,4,0,0,0,1,1,1,1,1
24000,1,10.6,10,0,0,1,1,1,0,1,0
24000,1,32.4,4,0,0,0,1,1,0,1,1
24000,0,30.81,4,0,0,0,0,1,0,1,0
24000,0,23.86,7,0,0,0,1,1,0,1,1
24000,1,16.23,7,0,0,0,0,1,0,1,0
24000,1,12.07,9,0,0,0,1,1,0,1,1
24000,1,12.65,10,0,0,1,1,1,0,1,1
24000,1,13.17,11,0,1,1,1,1,0,1,1
23800,1,13.08,14,0,1,1,1,1,1,1,1
23000,0,17.23,4,0,0,0,1,0,0,1,0
23000,0,23.77,4,0,0,0,1,1,1,1,1
23000,0,21.89,4,0,0,0,0,1,0,0,0
23000,1,32.39,4,0,0,0,0,1,0,1,1
23000,0,16.51,11,0,0,0,1,1,0,1,1
23000,0,10.17,8,0,1,1,1,0,0,1,1
23000,0,14.7,14,0,1,1,0,1,1,0,1
23000,0,21.7,13,0,0,1,1,0,0,0,0
22000,0,18.64,5,0,0,0,0,1,0,1,0
22000,0,16,5,0,0,0,1,1,0,1,1
22000,0,24.88,10,0,0,1,0,1,0,1,1
22000,0,24.41,4,0,0,0,1,1,0,0,1
22000,0,27.42,5,0,0,0,1,1,0,1,0
22000,0,17.33,3,0,0,0,1,1,0,1,1
22000,0,30.16,5,0,0,0,0,1,1,1,0
22000,1,32.4,4,0,0,0,1,1,0,1,1
22000,1,9.89,12,0,0,1,1,1,0,1,1
22000,1,14.98,11,0,0,1,1,1,0,1,1
22000,1,17.92,7,0,0,0,1,1,0,1,1
22000,1,12.05,11,0,0,1,0,1,0,1,1
22000,1,12.14,14,0,1,1,0,1,1,1,1
22000,0,18.21,13,0,0,1,1,1,1,1,1
21000,0,12.49,9,0,1,1,1,0,0,0,1
21000,0,19.22,3,0,0,1,0,1,1,1,1
21000,1,9.96,11,0,1,1,1,1,0,1,1
20000,1,14.03,7,0,0,0,1,0,0,1,1
20000,0,15.83,19,0,0,1,1,1,0,1,1
20000,0,24.98,11,0,1,1,1,0,0,1,1
20000,1,16.87,6,0,0,1,1,1,0,1,1
20000,0,7.42,12,0,0,0,1,1,0,1,0
20000,1,9.9,5,0,0,0,1,0,0,1,1
20000,1,15.06,12,0,0,0,0,1,1,1,1
20000,0,17,3,0,0,0,1,1,0,1,1
20000,0,10,5,0,0,0,1,1,0,1,1
20000,0,8,4,0,0,0,1,1,0,1,1
20000,1,11.36,7,0,1,1,1,1,1,0,0
20000,1,14.75,13,0,1,1,1,0,0,1,1
20000,0,11.51,13,0,1,1,1,1,0,1,1
20000,0,17.37,6,0,1,0,1,0,1,0,0
20000,1,13.5,14,0,0,1,1,0,0,1,1
20000,1,15.11,18,0,1,1,1,1,1,1,1
20000,0,17.02,10,0,0,1,0,1,0,1,1
19800,1,9.26,14,0,0,1,1,1,1,1,1
19500,1,8,7,0,0,0,1,1,1,1,1
19500,1,10.89,7,0,0,0,1,1,1,1,1
19500,0,10,5,0,0,0,1,1,0,1,1
19500,0,11.71,12,0,1,1,1,1,1,1,0
19500,0,12.59,6,0,0,0,0,1,0,1,1
19000,0,19.63,6,0,1,0,1,1,0,1,1
18800,0,14.28,12,0,0,1,1,1,1,1,1
18000,0,5,1,0,0,0,1,0,0,1,1
18000,0,25.5,5,0,0,0,1,1,0,1,1
18000,1,9.82,14,0,0,1,1,1,0,1,1
18000,0,8.3,7,0,1,0,1,1,0,1,0
18000,0,9.18,5,0,0,0,0,1,0,1,1
18000,0,20.68,2,0,0,0,1,1,0,0,1
18000,0,14.52,4,0,0,0,1,1,1,1,1
18000,1,7,4,0,0,0,1,1,0,1,1
18000,0,8.85,12,0,1,1,1,0,0,0,1
18000,1,7.68,12,0,0,0,1,1,1,1,1
18000,1,5,8,0,0,0,0,1,0,1,1
18000,1,5,8,0,0,0,0,1,0,1,1
18000,1,5,8,0,0,0,0,1,0,1,1
18000,1,21.08,16,0,1,1,0,1,0,1,1
18000,1,11.09,12,0,1,1,1,1,1,1,1
18000,1,8.84,14,0,0,1,0,0,0,1,1
18000,1,9.48,14,0,0,1,0,1,1,1,0
18000,1,8.87,7,0,1,1,1,1,0,1,1
18000,1,13.68,13,0,1,1,1,1,0,1,1
17600,1,11.7,12,0,0,1,0,0,0,1,1
17000,0,5,1,0,0,0,1,0,0,1,1
17000,1,9.67,8,0,0,0,0,1,1,1,1
17000,1,5.72,4,0,0,0,1,1,0,1,0
17000,0,14.98,7,0,0,0,1,1,1,1,1
17000,1,10.19,7,0,0,0,1,1,1,1,1
17000,0,13.87,10,0,0,0,1,1,0,1,1
16888,1,6,4,0,0,0,1,1,1,1,1
16000,0,5,1,0,0,0,1,0,0,1,1
16000,0,5,1,0,0,0,1,0,0,1,1
16000,1,9.86,11,0,0,1,1,1,0,1,1
16000,0,24.7,5,0,0,0,1,1,0,0,1
16000,0,12.3,5,0,0,0,1,1,0,1,1
16000,1,9.61,10,0,0,0,1,1,0,1,1
15000,0,7,4,0,0,0,1,0,0,1,0
15000,0,8.32,10,0,0,0,1,1,1,1,1
15000,0,6.72,3,0,0,0,1,0,0,0,0
15000,1,10.33,7,0,0,0,0,1,0,1,1
15000,0,6,5,0,0,0,1,1,0,1,0
15000,0,6,5,0,0,0,1,1,0,1,0
15000,0,6,5,0,0,0,1,1,0,1,0
15000,0,6,5,0,0,0,1,1,0,1,0
15000,0,17,3,0,0,0,1,1,0,1,1
15000,1,5.18,7,0,0,0,1,1,1,1,1
15000,1,10.08,12,0,0,1,0,1,1,1,1
15000,0,7.29,9,0,0,1,1,1,0,0,0
15000,0,13.41,6,0,0,1,1,1,0,1,1
14000,1,5.8,5,0,0,0,1,1,0,1,1
13800,0,6.91,11,0,0,0,1,1,0,1,1
13000,0,15,5,0,0,0,0,1,1,1,1
13000,0,5,9,0,0,0,1,1,0,1,0
13000,0,13.79,24,0,1,1,1,1,0,1,1
13000,1,6,4,0,0,0,1,1,0,1,1
12800,1,5,5,0,0,0,1,1,0,1,1
12000,1,5,11,0,0,1,1,0,0,1,1
12000,0,6.72,3,0,0,0,1,0,0,0,0
12000,0,5,5,0,0,0,1,0,0,1,1
12000,0,5,5,0,0,0,1,0,0,1,1
12000,0,5,5,0,0,0,1,0,0,1,1
12000,0,5,5,0,0,0,1,0,0,1,1
12000,0,7.2,4,0,0,0,1,1,0,1,1
12000,0,5,4,0,0,0,1,1,0,1,1
12000,0,4.3,7,0,0,1,1,1,0,1,1
12000,0,4.3,7,0,0,1,1,1,0,1,1
12000,0,7.92,8,0,0,1,0,1,0,1,1
12000,0,7.24,10,0,0,0,1,0,0,1,1
11500,1,6,4,0,0,0,0,1,0,1,1
11500,1,7,4,0,0,0,1,1,1,0,0
11000,0,7,5,0,0,0,1,1,1,1,1
11000,1,21.4,5,0,0,0,1,1,0,1,1
10000,0,5,4,0,0,0,0,1,1,1,1
10000,1,6,5,0,0,0,1,0,0,1,1
10000,0,3.12,5,0,0,0,1,1,0,1,0
10000,0,4.3,7,0,0,1,1,1,0,1,1
10000,0,4.3,7,0,0,1,1,1,0,1,1
9800,0,4.64,5,0,0,0,1,1,0,1,1
9500,0,5,5,0,0,0,1,1,1,1,1
8600,1,5.02,5,0,0,0,1,1,0,1,1
8000,0,4,3,0,0,0,0,0,0,0,1
7500,1,2.37,5,0,0,0,1,1,0,1,1
7500,1,2.78,5,0,0,0,1,1,0,1,1
7300,0,5,5,0,0,0,1,1,0,1,1
7000,1,13.9,7,0,0,0,1,1,1,1,1
7000,0,3.38,5,0,0,0,0,1,0,1,0
6000,0,10,5,0,0,0,1,1,0,1,1
6000,0,10,5,0,0,0,1,1,0,1,1
6000,0,3,6,0,1,0,0,0,0,1,1
5300,0,4,2,0,0,0,1,1,0,0,1
5200,0,2.18,5,0,0,0,1,1,0,1,1
5000,0,2.53,5,0,0,0,0,1,0,1,1
2000,0,0.52,15,1,1,0,1,0,0,1,1
